county,year,f_0,f_1,f_5,f_10,f_15,f_20,f_25,f_30,f_35,f_40,f_45,f_50,f_55,f_60,f_65,f_70,f_75,f_80,f_85,f_90,m_0,m_1,m_5,m_10,m_15,m_20,m_25,m_30,m_35,m_40,m_45,m_50,m_55,m_60,m_65,m_70,m_75,m_80,m_85,m_90,total_population,children_under_5,working_age,elderly_65plus,sex_ratio,dependency_ratio,child_dependency_ratio,elderly_dependency_ratio,pct_children,pct_elderly
Baringo,2021,10038.3095703125,39358.5078125,49776.4453125,49341.125,41075.1328125,31260.3515625,24140.763671875,19460.87109375,15458.1875,12729.0166015625,11739.833984375,9712.4765625,7022.9541015625,5379.29248046875,3829.82763671875,2699.255859375,1691.691162109375,1136.0909423828125,706.2377319335938,543.6542358398438,10534.3486328125,41272.95703125,52137.6171875,51669.140625,43428.125,32408.21484375,23794.623046875,20144.556640625,16172.740234375,12928.45703125,11113.7666015625,8696.7373046875,6675.958984375,5172.67431640625,3479.582275390625,2591.35107421875,1298.8302001953125,646.7257080078125,351.6573486328125,229.56739807128906,681847.657119751,101204.123046875,358514.734375,19204.471572875977,102.26864588212925,33.58539637977773,28.22872070329397,5.356675676483757,14.842629726760329,2.816534070674844
Bomet,2021,12228.5107421875,47945.90625,63476.5234375,67836.734375,59663.32421875,44549.6953125,36342.453125,33748.9375,20145.703125,19361.572265625,18229.783203125,11682.3251953125,10554.3955078125,7256.20068359375,4860.09228515625,3279.09423828125,2456.982421875,1848.082763671875,1044.1085205078125,603.6614379882812,12656.22265625,49586.328125,66019.03125,67430.0546875,59643.5078125,42249.97265625,33485.921875,31385.708984375,25335.283203125,20261.888671875,17818.25390625,11325.328125,9277.146484375,6739.8212890625,4237.51904296875,3025.8984375,1600.0587158203125,867.4234619140625,487.1588134765625,300.1726989746094,930846.7875061035,122416.9677734375,519057.22314453125,24610.252838134766,99.27611138079398,28.325821134105016,23.58448400579343,4.741337128311583,13.151140382770546,2.6438564507559628
Bungoma,2021,28254.94140625,110777.28125,153468.984375,160612.546875,136316.015625,88630.1875,69934.9140625,64884.91796875,48760.125,45388.39453125,36923.6875,32906.58984375,27812.1796875,19619.654296875,12415.54296875,7577.349609375,5747.3974609375,3697.419921875,1694.8118896484375,944.7958374023438,28221.6640625,110564.953125,154240.703125,157614.96875,134967.578125,84133.6171875,61411.96875,58197.99609375,48344.515625,40660.16015625,34166.64453125,27065.7578125,23506.8984375,16735.390625,9750.671875,6157.66015625,3757.001220703125,2043.0921630859375,1001.419677734375,578.572509765625,2059488.9716186523,277818.83984375,1100367.193359375,55365.735290527344,94.95947275694449,30.279399199196295,25.247830135282452,5.031569063913844,13.489697865456337,2.688323950917432
Busia,2021,12663.12890625,49637.1328125,67668.3125,72335.390625,64132.2109375,42477.67578125,33649.5859375,30442.2109375,22946.23828125,20441.99609375,16339.724609375,16503.703125,13665.92578125,10007.162109375,6546.7705078125,4328.9453125,3074.95556640625,1986.174560546875,1003.3746948242188,604.7620849609375,12596.34375,49338.23046875,66108.515625,70072.359375,61679.83203125,39069.15234375,27719.64453125,26138.982421875,22583.859375,18459.955078125,14199.396484375,12406.62109375,10456.537109375,7537.05322265625,4641.0556640625,3306.472412109375,1970.4547119140625,1060.7095947265625,541.2559814453125,315.6688537597656,940657.4812927246,124234.8359375,510857.46728515625,29380.59994506836,91.79267216096224,30.070116562830147,24.318884208098144,5.751232354732002,13.207234132318474,3.1234110746338035
Elgeyo-Marakwet,2021,6040.994140625,23685.708984375,30040.392578125,30162.64453125,26582.451171875,19884.876953125,15439.5205078125,13194.6796875,10183.041015625,8706.490234375,8117.49169921875,5856.244140625,5074.966796875,3692.457763671875,2594.6416015625,1874.9024658203125,1343.3231201171875,883.833251953125,462.259033203125,292.54486083984375,6124.1455078125,23994.0390625,30941.7890625,29880.76953125,26545.033203125,21008.220703125,15744.8330078125,13465.484375,11118.6337890625,9012.568359375,8041.24365234375,5386.9013671875,4793.505859375,3455.837890625,2444.388671875,1629.364501953125,956.5686645507812,492.1861267089844,228.87277221679688,131.33306884765625,429509.1837158203,59844.8876953125,235304.48217773438,13334.218139648438,100.59886688650582,31.09975005902607,25.4329569676915,5.66679309133457,13.933319697049404,3.1045245701826167
Embu,2021,6912.8935546875,27104.27734375,32635.951171875,35590.5234375,34778.296875,27574.38671875,22980.76953125,23644.265625,24074.71875,19735.86328125,17482.97265625,15869.32421875,12784.640625,8086.7548828125,6151.251953125,4248.451171875,2798.609375,2271.604736328125,1558.425048828125,1011.4405517578125,7127.6259765625,27925.615234375,33086.7109375,35894.76171875,35247.02734375,29701.7265625,25437.62109375,25574.33203125,25278.71875,20632.736328125,17254.943359375,14539.427734375,11938.7373046875,7429.53076171875,5414.93359375,3247.98583984375,1854.990966796875,1164.55712890625,654.7325439453125,362.6212158203125,657064.7579345703,69070.412109375,420046.79443359375,30739.604125976562,100.7558660324632,23.76164216892525,16.443504158271708,7.31813801065354,10.511964197637418,4.67832184800232
Garissa,2021,15261.130859375,59835.2421875,82481.921875,72864.6171875,59561.0859375,44823.609375,38305.4140625,28193.5703125,26170.15625,20106.009765625,11347.740234375,10959.771484375,4325.53564453125,5403.865234375,1822.398681640625,2407.52685546875,958.754150390625,644.7908325195312,1075.001708984375,1261.695556640625,16937.65625,66359.59375,94783.546875,92268.5234375,73489.421875,52071.921875,33781.23046875,27660.2578125,22185.568359375,22896.484375,14126.71484375,15591.48046875,6921.14697265625,7726.470703125,2538.970458984375,3128.438720703125,1212.6795654296875,703.3590087890625,897.814453125,771.9606323242188,1043863.0791015625,158393.623046875,525647.4560546875,17423.390625,113.98975530349367,33.44770561461317,30.133052338104722,3.3146532765084475,15.1737930211309,1.6691260543476694
HomaBay,2021,16613.337890625,65138.0703125,84838.0,89631.6796875,71954.015625,52244.9453125,42162.1953125,40304.1015625,27147.01171875,23612.955078125,19257.37890625,15818.7880859375,14980.4296875,12082.0771484375,8507.89453125,5800.234375,3785.601806640625,2360.001220703125,1219.1751708984375,751.5401000976562,16798.376953125,65815.046875,84318.8359375,88818.9375,70052.0234375,45901.8671875,34279.15625,32713.361328125,28426.5625,22083.65234375,15157.33984375,11715.255859375,10388.46484375,8368.388671875,5742.4248046875,4142.68896484375,2201.79443359375,1151.976318359375,630.3375244140625,412.4902038574219,1147328.4153137207,164364.83203125,598649.970703125,36706.1594543457,91.79376836941432,33.587405216011994,27.45591582309786,6.131489392914138,14.325874774600328,3.1992722366515194
Isiolo,2021,6130.85888671875,24038.056640625,29172.869140625,26181.85546875,21176.51171875,16949.98046875,13812.5234375,11890.962890625,9129.869140625,6401.26708984375,4972.244140625,4103.06640625,3461.07177734375,2642.007080078125,1434.4068603515625,1152.161865234375,611.1232299804688,420.971923828125,345.9844665527344,305.67645263671875,6274.39501953125,24582.705078125,30817.025390625,29041.0625,24997.4375,18588.068359375,15109.599609375,13747.1298828125,10472.5078125,8028.2119140625,5596.9560546875,4874.44970703125,3524.42822265625,3227.425048828125,1564.1805419921875,1260.913330078125,647.5509643554688,337.7011413574219,221.84902954101562,163.8113250732422,387410.8775177002,61026.015625,202705.71826171875,8466.331130981445,110.16849486926314,34.28238105560398,30.10571983283061,4.176661222773371,15.752272113787466,2.185362265827095
Kajiado,2021,20887.0390625,81876.5546875,91687.90625,81201.6015625,68968.953125,82142.671875,75610.5390625,61012.3203125,47338.1796875,33745.546875,25704.888671875,19613.439453125,12321.6611328125,8159.8662109375,4566.0107421875,3034.2021484375,1886.57275390625,1218.6011962890625,723.701416015625,511.79638671875,21424.7421875,83922.25,93091.109375,77901.4765625,63351.75,72706.2421875,74221.1640625,66145.609375,53123.390625,37431.7734375,29682.5859375,22192.09375,13552.974609375,8096.390625,4417.69384765625,2960.59033203125,1535.88134765625,751.2431640625,379.359375,225.46751403808594,1449325.840927124,208110.5859375,875122.041015625,22211.120223999023,100.67871142343645,26.318809876414335,23.78075013354443,2.5380597428699034,14.35913029773712,1.5325139176288143
Kakamega,2021,20604.220703125,80785.640625,115661.75,123847.40625,105987.328125,67079.6796875,54183.6796875,53271.71484375,40225.26953125,37081.421875,30214.783203125,28976.8125,23803.734375,18385.49609375,12112.7900390625,7465.49267578125,5887.896484375,3552.404296875,1462.1971435546875,748.32373046875,20503.4765625,80331.40625,115251.671875,120202.75,102682.328125,63009.43359375,44705.78515625,44680.48046875,39130.390625,33178.3515625,26768.72265625,22893.564453125,19403.609375,14751.8759765625,9407.47265625,6456.84765625,3700.482666015625,1907.850341796875,928.3271484375,515.9315185546875,1601748.8005371094,202224.744140625,870414.4619140625,54146.016357421875,92.6711782530645,29.45387188699523,23.23315535175368,6.220716535241553,12.625247109460211,3.380431209891667
Kericho,2021,11917.17578125,46725.21875,60821.53515625,64522.21484375,57300.78515625,45283.0390625,38452.48046875,35375.08203125,22761.6953125,20465.44921875,18446.83203125,12662.859375,11393.0615234375,7940.775390625,5034.9287109375,3163.951171875,2148.9404296875,1586.19287109375,968.113037109375,656.462158203125,12239.43359375,47953.375,62185.5859375,63973.1875,56763.73828125,44051.7421875,37164.83203125,35067.640625,28080.583984375,22667.21875,19133.66015625,12535.287109375,10515.7138671875,7313.775390625,4899.236328125,3455.177734375,1651.45703125,835.7083740234375,464.78460693359375,301.29425048828125,938880.2252197266,118835.203125,543376.251953125,25166.246704101562,100.77554158938413,26.50124095624334,21.869782254534645,4.631458701708693,12.65712067768697,2.6804533771293237
Kiambu,2021,34698.3984375,136046.515625,142667.609375,131282.28125,136060.65625,172695.71875,154175.9375,131107.1875,117413.6640625,85372.734375,67489.3671875,53712.171875,35326.79296875,20672.703125,13950.2734375,9447.78125,7271.51953125,5054.431640625,2544.139892578125,1440.88623046875,35442.93359375,138863.3125,143201.421875,127912.4609375,119733.703125,154406.921875,152113.03125,137405.453125,116667.5546875,88314.0546875,70685.2578125,55257.7265625,37066.96875,20462.62890625,12489.65234375,8588.6474609375,4304.962890625,2072.44873046875,1020.97314453125,588.8136596679688,2885029.6981811523,345051.16015625,1926140.234375,68774.53021240234,97.81739092487493,21.484712430760876,17.914124527294,3.5705879034668793,11.9600557447913,2.383841325992616
Kilifi,2021,23310.765625,91397.546875,112925.359375,111649.859375,98289.4609375,77906.7109375,65430.80078125,56107.47265625,39117.97265625,38868.33203125,26984.013671875,23335.12890625,18017.25,18507.802734375,10459.619140625,6713.5419921875,4474.439453125,2677.415283203125,1344.9561767578125,771.1104125976562,23701.8828125,92862.5703125,114540.2734375,110429.2265625,96858.5859375,73563.0859375,58387.10546875,47281.72265625,37820.59765625,33114.76953125,27469.337890625,21931.17578125,16226.244140625,11834.755859375,8408.9365234375,5109.69921875,3097.64794921875,1457.9510498046875,572.0517578125,282.0513000488281,1613239.2308044434,231272.765625,887052.326171875,45369.42025756836,94.76754393852619,31.186681745871013,26.07205446640006,5.114627279470952,14.33592496443789,2.812318185130227
Kirinyaga,2021,8825.3291015625,34602.61328125,41252.76953125,43552.00390625,43334.046875,33642.19921875,29965.205078125,34823.18359375,39255.453125,32546.265625,28188.59765625,25702.869140625,19626.08984375,11633.205078125,8792.935546875,6396.35498046875,4037.767333984375,3238.63232421875,2297.51953125,1492.40478515625,8874.349609375,34769.1796875,41474.05859375,43258.9296875,43434.85546875,35070.515625,30539.578125,35941.9765625,39209.5703125,32583.830078125,27801.447265625,24921.728515625,19070.072265625,11217.265625,7536.02734375,5016.6953125,2616.70166015625,1450.0511474609375,809.0272827148438,494.8524169921875,899296.1581420898,87071.4716796875,598507.955078125,44178.969665527344,98.43013074071675,21.929606821697522,14.54808928451449,7.381517537183033,9.682179879381861,4.912616301708588
Kisii,2021,15125.98046875,59306.390625,85413.3125,95117.59375,78447.890625,55914.3046875,50539.5078125,50639.6484375,33376.671875,28020.83984375,28145.4765625,17249.96484375,20987.96484375,15653.03515625,9659.8974609375,5869.6220703125,3627.543701171875,2534.6865234375,1528.11962890625,1022.7640380859375,15246.310546875,59734.140625,85717.265625,94437.671875,75370.4453125,47875.171875,40252.0390625,40044.65625,33144.7578125,27425.61328125,22066.38671875,16848.3671875,18240.25,12887.0390625,7566.5400390625,4967.2353515625,2636.2822265625,1409.3056640625,766.5152587890625,488.8345031738281,1265306.0437316895,149412.822265625,713130.03125,42077.34646606445,92.2428069993933,26.852069095454944,20.95169404151005,5.900375053944898,11.80843346207143,3.325467911460244
Kisumu,2021,16257.029296875,63741.04296875,80359.5859375,87994.5390625,78055.296875,65668.5546875,55245.08984375,48324.609375,34650.9765625,26757.0078125,19381.25,18294.38671875,15820.259765625,12498.546875,8414.8232421875,5327.23486328125,3619.5546875,2234.40576171875,1074.1826171875,618.5517578125,16216.81640625,63536.51953125,80361.59375,85732.28125,72452.3671875,57690.33984375,49215.0703125,46734.7109375,39767.359375,29885.8515625,20392.166015625,15750.3447265625,12543.0947265625,9480.8134765625,6340.7177734375,4401.208984375,2232.508056640625,1092.9033203125,554.6499633789062,334.18817138671875,1259052.4340820312,159751.408203125,728608.0966796875,36244.92919921875,95.40280526849448,26.90010422551043,21.92556038439898,4.9745438411114495,12.688225198468317,2.878746604834194
Kitui,2021,13453.15625,52747.53125,72644.359375,85657.890625,77911.7578125,45770.40625,35805.0234375,36478.75,33960.65234375,29264.134765625,28052.78515625,21619.109375,16687.966796875,13044.1103515625,10414.48828125,8213.8583984375,5025.29052734375,3613.639892578125,2525.785888671875,1948.65576171875,13743.5546875,53846.4296875,74356.1171875,86452.6171875,78821.015625,45791.5078125,32449.630859375,31560.19140625,28799.58984375,24854.07421875,22770.412109375,18013.810546875,14270.310546875,10798.880859375,7995.7197265625,5637.912109375,3511.703857421875,2174.946533203125,1253.3472900390625,818.572998046875,1152759.697631836,133790.671875,646724.1201171875,53133.92126464844,93.79344905667372,28.903296989414496,20.6874411690037,8.215855820410793,11.606119831379598,4.609279919640126
Kwale,2021,15407.53125,60409.34375,73158.6875,68594.25,56169.79296875,43140.828125,37700.234375,32265.638671875,25202.943359375,22825.76171875,16652.869140625,11470.546875,9576.97265625,9947.220703125,6173.677734375,4065.7294921875,2186.850341796875,1335.798828125,814.3764038085938,549.7618408203125,15690.466796875,61473.31640625,75107.6328125,68819.96875,55895.6484375,38438.890625,32516.80859375,28515.3984375,23774.255859375,20935.580078125,17180.869140625,13431.7685546875,9904.16015625,7779.5869140625,5441.7490234375,3385.40087890625,1925.7659912109375,949.870361328125,412.69073486328125,206.33924865722656,979434.9835357666,152980.658203125,513325.775390625,27448.0108795166,96.81248152664926,35.148959536532324,29.801865703453416,5.347093833078909,15.619276498667,2.802433172279502
Laikipia,2021,7531.4375,29529.48046875,34992.89453125,34486.04296875,30931.6171875,23901.53125,20075.033203125,19550.8046875,17607.63671875,14686.3173828125,12742.9931640625,11499.4716796875,8645.9990234375,5702.81494140625,4062.354736328125,2874.720703125,2105.60498046875,1272.8839111328125,579.9724731445312,344.9720153808594,7768.14453125,30435.12890625,35844.359375,35616.20703125,32146.876953125,23881.13671875,20085.52734375,19880.998046875,18468.3984375,15191.2109375,12714.779296875,11067.185546875,8309.44921875,5136.71484375,3465.301513671875,2726.27783203125,1555.8768310546875,761.7353515625,356.907470703125,195.9921112060547,568732.7918243408,75264.19140625,332226.49658203125,20302.59992980957,100.87721975258455,28.76555371689411,22.65448186119202,6.111071855702088,13.233664822600232,3.5697959079666086
Lamu,2021,2253.7568359375,8836.5966796875,10770.6484375,10282.6787109375,8758.453125,6880.6767578125,5748.154296875,5285.31884765625,4486.9990234375,3827.141357421875,3214.210693359375,2521.1337890625,2111.5439453125,1562.637451171875,1008.1102294921875,646.5411376953125,354.1788330078125,203.5455322265625,114.85227966308594,96.05722045898438,2382.24853515625,9333.51171875,11124.755859375,10675.36328125,9293.9072265625,8575.9013671875,7698.47509765625,6691.4873046875,5415.099609375,4597.94677734375,3889.755615234375,3034.517333984375,2308.772216796875,1611.1553955078125,1040.2431640625,722.9320678710938,372.1227111816406,166.73887634277344,74.9757308959961,42.25989532470703,168015.40496826172,22806.11376953125,97513.28723144531,4842.557678222656,112.77674930283337,28.35374771248403,23.387698658339264,4.966049054144763,13.573823051427544,2.8822105205992394
Machakos,2021,17749.697265625,69593.546875,83503.4765625,88923.1640625,83425.078125,77404.1953125,69088.7421875,63533.38671875,59130.50390625,46876.3203125,36772.265625,29824.005859375,23743.76953125,18356.333984375,12936.3359375,7869.7529296875,5730.8662109375,4508.66943359375,2666.106689453125,1606.06787109375,18188.05078125,71259.71875,86073.59375,89259.703125,82798.671875,78980.5078125,71837.40625,68714.296875,62408.7578125,49188.5625,40007.7734375,30213.41796875,23474.08984375,17594.1484375,10529.7880859375,6542.65380859375,3330.661865234375,2020.589599609375,1310.7587890625,850.9757690429688,1617826.412536621,176791.013671875,1033372.234375,59903.226989746094,101.41200755263853,22.905031970863583,17.10816371786891,5.796868252994674,10.927687439264943,3.702698047550273
Makueni,2021,10289.7626953125,40344.40625,55881.55078125,67447.640625,62629.83203125,38652.796875,32771.359375,33023.55078125,31627.390625,26821.03125,26534.69921875,19680.3671875,16284.6650390625,13756.060546875,10656.2607421875,6764.90625,4741.78662109375,3739.916015625,2286.9794921875,1364.119873046875,10586.7880859375,41478.41015625,57778.1953125,68020.9921875,65256.5234375,43988.01171875,34256.890625,33315.2578125,31160.1953125,26003.525390625,23640.396484375,18451.310546875,14465.607421875,11715.93359375,8139.44140625,5416.57763671875,2910.98828125,1779.0615234375,1130.4600830078125,759.1396484375,1005552.7889404297,102699.3671875,604035.4052734375,49689.63757324219,99.00150707030141,25.228488832001172,17.002209852419096,8.226278979582077,10.213224836829928,4.941524514650405
Mandera,2021,19572.65625,76717.6328125,92613.3984375,74513.625,55528.765625,38614.41015625,29691.86328125,22719.51171875,17741.404296875,13856.7021484375,7544.333984375,6523.87646484375,3599.96337890625,3224.62109375,1391.600830078125,1326.5341796875,528.5816650390625,313.073974609375,348.04962158203125,450.794921875,16968.36328125,66455.421875,84191.9296875,81323.6015625,63659.69140625,40021.6328125,29001.271484375,24153.771484375,16177.6318359375,15834.15625,9172.8974609375,8669.6357421875,4671.2685546875,4526.8095703125,1928.0211181640625,1695.561767578125,830.8223876953125,452.8682861328125,353.16937255859375,302.6690673828125,937212.5948486328,179714.07421875,414934.21875,9921.747192382812,100.76470255374521,45.70262293199524,43.31146145529845,2.3911614766967957,19.175379759783876,1.0586442443174007
Marsabit,2021,8436.3046875,33077.203125,43705.2578125,39091.43359375,30929.958984375,23602.4765625,18685.9140625,14595.2294921875,10416.564453125,8430.0,6749.7763671875,6287.37060546875,4150.3154296875,3468.39404296875,1933.99462890625,1787.209716796875,795.526611328125,488.4495849609375,466.1047668457031,516.6691284179688,8786.771484375,34425.9296875,45343.59765625,43668.14453125,38827.453125,28493.76953125,22848.04296875,18136.990234375,12502.4521484375,10724.775390625,7462.9892578125,7036.5400390625,4450.150390625,3842.5830078125,1996.0169677734375,2057.46875,880.8200073242188,468.0986022949219,420.019775390625,384.7307434082031,550371.4979553223,84726.208984375,281641.74609375,12195.109283447266,113.64179341257683,34.41298018212119,30.082972485255155,4.3300076968660335,15.394367131862788,2.215795935791216
Meru,2021,18362.375,71995.75,89051.34375,97351.359375,89224.21875,67511.9765625,56368.9921875,57825.640625,56775.015625,43792.9296875,38527.1875,27924.794921875,24731.857421875,18003.365234375,12990.671875,9588.04296875,5640.74755859375,4185.70458984375,2868.756591796875,1822.5238037109375,18586.55859375,72821.03125,90247.9375,96523.1328125,84333.3046875,69216.40625,59039.4453125,59956.2421875,59061.796875,47078.40625,37653.17578125,28420.56640625,23312.912109375,16183.873046875,11103.384765625,7878.5458984375,4176.5234375,2293.99609375,1273.4896240234375,761.1837158203125,1584465.1666259766,181765.71484375,964942.107421875,64583.57092285156,99.41836502830603,25.529954996450066,18.836955444859825,6.692999551590247,11.471739402817494,4.076048642986478
Migori,2021,18980.419921875,74401.59375,95185.2421875,97450.15625,78174.28125,60051.0078125,47153.1796875,41046.8125,27648.05859375,23408.2421875,19802.798828125,15506.244140625,13249.7646484375,10104.9921875,6832.76806640625,4358.05029296875,3054.5322265625,1937.0096435546875,965.144775390625,609.49853515625,18845.6953125,73818.2421875,94554.3125,95209.6328125,74054.6328125,51601.671875,40403.625,36518.078125,29455.46484375,22767.3359375,17090.6796875,12602.2626953125,9960.55859375,7463.4716796875,4737.2109375,3273.84228515625,1838.1866455078125,979.78173828125,520.0543823242188,330.3821105957031,1235944.9196472168,186045.951171875,638063.1630859375,29436.461639404297,93.14059738486351,33.771329435336334,29.15792070993094,4.613408725405395,15.052932231395816,2.3816968840170096
Mombasa,2021,17149.875,67241.734375,72427.90625,63139.98046875,61795.53125,82257.71875,78833.71875,63223.8359375,50618.4140625,36412.59375,25550.08984375,17394.5546875,11605.0673828125,7586.328125,4393.49365234375,2492.314208984375,1410.962646484375,796.2247314453125,401.33319091796875,279.0455017089844,17599.54296875,68953.9609375,71566.828125,60911.03125,52977.0,73457.2578125,79333.1875,69761.375,57022.7578125,45319.734375,35015.265625,24426.0546875,15615.08984375,8716.62109375,4540.1494140625,2451.26904296875,1170.35595703125,459.237548828125,174.1299285888672,90.52511596679688,1354572.0966033936,170945.11328125,896922.1962890625,18659.040939331055,103.69176776267852,21.13942045419901,19.059079370375773,2.080341083823236,12.619860818770517,1.3774859962137735
Murang'a,2021,11601.5,45487.5078125,56679.82421875,56940.0078125,52495.5,36661.75,32110.67578125,34088.3671875,37655.33984375,32354.55078125,30409.076171875,27566.646484375,22722.693359375,15084.470703125,12207.0908203125,9132.32421875,7462.5078125,5425.72314453125,2662.086181640625,1277.7340087890625,11860.751953125,46469.7265625,57670.59375,58217.5703125,55604.6640625,39924.42578125,32600.28515625,36284.90234375,37558.4296875,32753.46484375,29424.716796875,24938.962890625,20537.75,13521.52734375,10332.6875,8162.0078125,4462.03466796875,2301.66455078125,1151.628662109375,606.0302124023438,1054409.2012329102,115419.486328125,644298.19921875,65183.519592285156,98.93560729269907,28.03096549693947,17.91398555328542,10.11697994365405,10.94636562286882,6.181994572511954
Nairobi,2021,65934.6328125,258518.453125,260090.765625,226343.265625,240383.59375,362305.71875,348141.4375,273160.71875,212827.3125,140461.125,94884.921875,65982.15625,38985.1875,21213.494140625,11613.5732421875,6440.13916015625,3833.238525390625,2249.525146484375,1111.614501953125,706.22265625,67234.953125,263422.5625,257784.453125,213157.28125,190711.8125,303973.09375,341285.8125,302896.59375,236041.671875,168372.125,122954.8125,86956.875,53597.01171875,26562.55078125,13099.513671875,7110.361328125,3088.681884765625,1248.819580078125,514.087158203125,270.2441101074219,5295470.413543701,655110.6015625,3631698.025390625,51286.02096557617,100.95235062081753,19.45086341401131,18.038685953027066,1.412177460984242,12.37115025488554,0.9684884809177101
Nakuru,2021,32189.44921875,126209.3515625,148989.59375,150582.65625,136910.875,119966.40625,103142.75,93926.8828125,78885.5625,60743.203125,51457.34375,40708.39453125,29351.857421875,18299.75390625,12262.3193359375,8155.8076171875,6145.25439453125,4000.341796875,1880.037353515625,1039.935546875,33049.2421875,129484.96875,152656.96875,150544.15625,135371.765625,121147.0703125,99564.453125,93555.59375,80777.9609375,64474.046875,52973.1953125,40351.46875,28965.234375,17437.943359375,11496.17578125,7830.07080078125,4186.97216796875,2110.193359375,1022.3672485351562,558.6454467773438,2452406.2692871094,320933.01171875,1468011.76171875,60688.120849609375,100.22131052477359,25.995781676950386,21.8617466213623,4.134035055588087,13.086453730688028,2.4746356918770567
Nandi,2021,11676.97265625,45783.421875,60319.484375,64193.203125,58611.03125,42645.4453125,35284.671875,33765.53515625,24531.09765625,21621.828125,19183.125,14831.19140625,11988.166015625,8088.75634765625,5674.1240234375,3499.32177734375,2758.41552734375,1902.4521484375,904.1531982421875,503.19207763671875,11877.060546875,46533.62109375,61328.96875,64517.046875,58383.46875,42901.84375,33432.09375,32810.0234375,27614.4453125,22794.044921875,19097.28125,14001.4873046875,11115.4990234375,7749.48974609375,4928.478515625,3307.765380859375,2192.939208984375,1202.98974609375,546.9013671875,278.0714111328125,934379.1090698242,115871.076171875,540450.525390625,27698.80438232422,99.75370809356438,26.564851694876285,21.43971940597636,5.125132288899927,12.400863316306893,2.9644074994247696
Narok,2021,22995.6953125,90161.28125,114863.8984375,101861.03125,74290.0625,61428.09765625,50514.81640625,42186.3515625,29776.572265625,25353.525390625,21369.732421875,15792.40625,11861.91015625,8434.8427734375,4761.36572265625,3485.65966796875,2168.92431640625,1416.70751953125,867.95166015625,595.907470703125,23386.76953125,91627.03125,117469.6953125,103342.015625,76892.7265625,57759.4765625,46848.50390625,42494.765625,33225.55078125,26212.1796875,21944.974609375,15918.46484375,10965.9365234375,7624.57421875,4695.6162109375,3292.553955078125,1889.00390625,983.5682983398438,493.83758544921875,288.0840148925781,1371542.0690002441,228170.77734375,680895.470703125,24939.18032836914,100.4631175722319,37.17310050700525,33.51039728728553,3.6627032197197256,16.63607573554562,1.8183314162975706
Nyamira,2021,6613.19189453125,25929.19921875,37813.2265625,43773.71875,35248.9140625,23250.404296875,22699.64453125,24120.580078125,16326.2294921875,14656.4140625,13447.736328125,8843.82421875,10076.291015625,7446.59423828125,4583.6806640625,3034.2158203125,1835.7901611328125,1238.968994140625,748.5775146484375,495.5796813964844,6649.025390625,26050.48828125,38329.03515625,43966.19140625,34309.10546875,20183.509765625,17373.1796875,18195.625,15946.15625,13726.041015625,11279.98046875,8824.310546875,9502.59765625,6795.3203125,3833.945068359375,2693.52392578125,1428.41064453125,743.5811767578125,404.68609619140625,260.2977294921875,582677.7926330566,65241.90478515625,332252.45849609375,21301.25747680664,92.8229628357631,26.04741065083206,19.63624440296603,6.411166247866026,11.196909442924756,3.6557524151638954
Nyandarua,2021,7235.421875,28368.85546875,36382.87109375,39036.06640625,37080.3125,23652.6875,19430.607421875,20753.1484375,21989.6640625,18673.76953125,17696.1796875,15994.345703125,11627.3818359375,6767.78662109375,4782.15576171875,3688.486328125,3307.98193359375,1965.626708984375,764.1871948242188,390.6522521972656,7435.98828125,29133.759765625,37434.92578125,40618.0859375,38788.8125,25121.73828125,19091.484375,20006.6484375,20172.81640625,17144.091796875,15692.509765625,14110.7509765625,10726.99609375,6258.109375,4067.6201171875,3050.266357421875,1849.52880859375,997.0731201171875,503.50347900390625,297.3918762207031,632090.289855957,72174.025390625,380779.84130859375,25664.47393798828,97.78274446588469,25.69424342223055,18.95426636625265,6.739977055977901,11.418309464471013,4.060254420905088
Nyeri,2021,7532.66455078125,29534.294921875,36631.9453125,36479.27734375,36353.9453125,28594.51171875,24297.740234375,26167.19921875,29027.83984375,24750.935546875,22986.37890625,22772.08203125,16674.544921875,10407.5390625,7625.50634765625,6208.3916015625,5062.6884765625,3391.597900390625,1655.347412109375,909.98095703125,7781.34765625,30486.859375,37203.046875,37358.91796875,37409.078125,30574.6875,24448.005859375,26725.978515625,27827.900390625,24037.61328125,22036.48046875,20444.361328125,15802.71875,9327.10546875,6566.068359375,5457.2216796875,3006.13916015625,1539.343505859375,803.873291015625,472.5787658691406,746373.7379455566,75335.16650390625,480666.646484375,42698.73745727539,97.94329959083387,24.556291730347585,15.673058876648135,8.883232853699448,10.093491058684796,5.7208252764635725
Samburu,2021,6094.62646484375,23895.9921875,29944.9140625,26156.7890625,19594.927734375,16713.677734375,12774.744140625,9978.060546875,6889.212890625,5578.31201171875,5212.50341796875,3770.12109375,2521.428466796875,2597.584228515625,1478.8199462890625,1217.991943359375,696.4573364257812,422.8284912109375,284.4083557128906,222.40786743164062,6193.08984375,24264.15625,30698.87109375,27732.7265625,22930.09375,16981.130859375,12861.3681640625,9843.31640625,6700.6396484375,6214.00927734375,4873.4482421875,3408.77783203125,2485.83837890625,2268.65185546875,1129.748046875,1081.5869140625,610.160888671875,300.2731018066406,173.97903442382812,120.94695281982422,356918.6210861206,60447.86474609375,174197.8466796875,7739.6088790893555,102.74190290278251,39.14369489914835,34.700695730897536,4.442999168250821,16.93603560446019,2.1684519724797076
Siaya,2021,13774.2783203125,54006.59765625,74126.390625,79208.0078125,65182.5546875,45484.7109375,37999.65625,35992.12109375,27776.6015625,23258.2421875,18971.685546875,19281.248046875,16942.296875,14431.6728515625,10770.150390625,7334.794921875,5236.33984375,3378.212890625,1636.3804931640625,871.013427734375,13875.724609375,54364.26953125,73872.59375,78909.3984375,63973.51953125,40735.6171875,31520.880859375,31901.28515625,28034.958984375,21881.1328125,15921.2548828125,13587.107421875,11340.529296875,9203.8408203125,6778.2919921875,5025.77734375,2789.97412109375,1495.544677734375,794.4095458984375,468.62890625,1062137.6962890625,136020.8701171875,573420.9169921875,46579.5185546875,91.14783233534904,31.844040435372335,23.720946705374665,8.123093729997667,12.806331099293663,4.3854500897038875
TaitaTaveta,2021,4391.740234375,17217.62890625,20062.36328125,20789.40234375,18941.92578125,15205.365234375,13298.94921875,12067.1484375,11705.404296875,9594.146484375,8765.84375,7306.90234375,6179.10546875,4587.978515625,3161.6435546875,2085.30126953125,1405.3026123046875,979.2281494140625,570.8404541015625,393.3768615722656,4438.6875,17388.73828125,20249.1015625,20936.734375,19250.4609375,16398.4296875,14549.7353515625,14184.5234375,13479.056640625,11039.65625,9563.4912109375,8011.548828125,5985.98828125,4344.4736328125,2897.23388671875,1815.059326171875,1036.0982666015625,529.1065673828125,245.78662109375,135.42916870117188,365188.93701171875,43436.794921875,224460.1337890625,15254.40673828125,104.34769186241101,26.14771748969534,19.351674699924637,6.796042789770701,11.89433482769527,4.177127287344891
TanaRiver,2021,11173.90625,43810.9765625,53715.09375,46976.53515625,35631.86328125,29446.119140625,24391.423828125,18544.587890625,15485.705078125,11878.515625,9670.16015625,7977.634765625,5505.28759765625,4987.85400390625,2738.086669921875,2044.8489990234375,1005.0578002929688,597.2386474609375,491.8070373535156,472.06085205078125,11946.728515625,46806.5703125,58097.90625,50628.93359375,37852.0625,29949.521484375,22690.70703125,18435.09375,15699.4814453125,13099.4404296875,10135.673828125,8690.4599609375,6197.0029296875,5212.5869140625,2576.884765625,1997.1929931640625,1042.402099609375,533.908447265625,352.0673522949219,259.8087463378906,668749.1964416504,113738.181640625,331481.181640625,14111.36441040039,104.79556619107515,38.5691716851768,34.31210817992502,4.257063505251774,17.007598999118777,2.110113101516322
Tharaka-Nithi,2021,3648.49462890625,14305.126953125,18479.595703125,20137.412109375,18890.1171875,13487.9072265625,11302.421875,11525.2998046875,11267.36328125,9160.7958984375,9048.2431640625,6575.2451171875,6002.939453125,4411.0966796875,3348.72021484375,2478.23291015625,1579.247314453125,1163.3983154296875,759.2224731445312,511.3772888183594,3661.861083984375,14346.9541015625,18693.564453125,20147.978515625,18474.302734375,13494.8046875,11199.353515625,11495.07421875,11069.548828125,9280.650390625,8490.3544921875,6596.9326171875,5779.1875,4233.9462890625,2815.9638671875,2011.0078125,1148.3660888671875,647.0543212890625,359.3109130859375,224.1073760986328,332252.58140563965,35962.436767578125,201785.5849609375,17046.008895874023,97.67260753871479,26.269689023481902,17.82210397959789,8.447585043884013,10.823824638302028,5.130436857332626
TransNzoia,2021,14322.984375,56157.109375,75011.484375,76710.4921875,66856.1796875,45774.7890625,37018.2734375,33644.140625,26730.59765625,24132.8046875,19085.15625,16389.86328125,13227.564453125,9034.3642578125,5650.67724609375,3533.04296875,2575.421142578125,1656.762451171875,787.3064575195312,441.8570556640625,14657.486328125,57426.2109375,75504.65625,76630.578125,67110.78125,44751.15625,34083.06640625,32334.912109375,27652.115234375,23282.625,18323.587890625,14665.560546875,11723.9970703125,8390.642578125,5036.36669921875,3299.63623046875,1856.4322509765625,972.0315551757812,484.03533935546875,272.28076171875,1047199.0298461914,142563.791015625,574212.177734375,26565.850158691406,98.05524543636007,29.45420660384429,24.827719881895927,4.626486721948366,13.613820004833677,2.5368482400707815
Turkana,2021,14670.865234375,57521.5234375,75503.7578125,70064.546875,58250.4296875,45452.4453125,38194.5703125,29191.12890625,23915.30078125,18054.34375,13499.736328125,10464.126953125,7050.8349609375,6305.6279296875,4061.79833984375,3086.3798828125,1759.4954833984375,894.241943359375,448.494873046875,318.46795654296875,14969.3525390625,58648.56640625,78839.625,77216.734375,71629.0859375,56439.1640625,42208.046875,30395.4765625,22526.13671875,18154.1015625,13076.5234375,10484.26171875,6266.3447265625,5210.57373046875,2994.3369140625,2430.12548828125,1291.8748779296875,547.1220703125,256.70465087890625,173.2768096923828,992465.5512237549,145810.3076171875,526768.2602539062,18262.319290161133,107.32164683992613,31.147022189276246,27.68016196475198,3.4668602245242637,14.691724809732367,1.840096038360512
UasinGishu,2021,16420.50390625,64382.0,77608.5078125,80509.390625,77303.859375,71618.03125,58114.90625,49664.82421875,39702.03515625,31273.490234375,25907.955078125,18629.34765625,14329.6015625,9073.4658203125,5928.9462890625,3553.106689453125,2893.71240234375,1945.94775390625,872.3106689453125,467.0075378417969,16647.08984375,65222.3125,79203.8125,79086.859375,73812.1875,70763.609375,58795.828125,51276.55078125,42780.36328125,33475.8046875,27097.02734375,19385.359375,14076.59765625,8797.115234375,5359.66796875,3443.84814453125,2103.966796875,1116.0614013671875,512.8174438476562,265.74365234375,1303421.573272705,162671.90625,795877.9599609375,28463.136749267578,100.46503807759773,24.015622069575677,20.439302811951734,3.5763192576239424,12.480375466055401,2.1837245395440794
Vihiga,2021,6661.9697265625,26120.44921875,37951.6171875,41903.72265625,36708.7265625,21175.208984375,16761.134765625,16711.58203125,15242.609375,13704.8125,11909.083984375,12023.77734375,10634.5654296875,8918.8212890625,6446.193359375,4174.39453125,3339.11669921875,2260.326416015625,1054.5916748046875,554.869140625,6605.7451171875,25880.91796875,37607.2578125,41063.4765625,36151.76171875,21107.54296875,14474.212890625,14753.435546875,14010.0986328125,12176.5947265625,10549.029296875,9488.7607421875,8271.076171875,7138.587890625,5222.92041015625,3821.011962890625,2211.40625,1168.4462890625,583.852783203125,324.4945373535156,566868.2031555176,65269.08203125,311911.4228515625,31161.624053955078,92.64353933702863,30.91605469386612,20.92551835214811,9.990536341718007,11.51397832299014,5.49715504953204
Wajir,2021,13725.048828125,53813.578125,71074.015625,61690.6953125,46568.47265625,33149.7578125,29775.21875,23622.4765625,19210.9453125,14339.486328125,7363.314453125,6327.50244140625,3456.19482421875,2809.3701171875,1252.892333984375,1100.98583984375,474.2171630859375,270.9482727050781,259.4813232421875,340.21044921875,13856.267578125,54288.02734375,74722.4140625,75088.21875,60905.515625,37147.6640625,29424.896484375,25758.10546875,18836.85546875,18173.646484375,10363.03515625,10671.6474609375,5299.97314453125,5028.96484375,1989.158935546875,1707.0521240234375,844.892578125,383.3499450683594,245.7172393798828,219.38162231445312,835579.5969085693,135682.921875,408233.04345703125,9088.287826538086,113.90847946795229,35.46288376746162,33.236633841787814,2.226249925673809,16.238180345354543,1.087662726586722
WestPokot,2021,13453.751953125,52744.97265625,61090.640625,53053.8515625,40275.41015625,31841.31640625,24411.75,19618.724609375,13859.5947265625,11743.38671875,10503.1083984375,7876.27294921875,5331.0947265625,4853.623046875,3611.089111328125,2420.214111328125,1377.0928955078125,793.5380249023438,437.7855224609375,324.7583312988281,13643.0,53447.65625,61285.0625,52953.9453125,40576.015625,30269.546875,23791.95703125,20116.3203125,14170.03125,11658.19140625,10383.55859375,7513.91064453125,5128.40185546875,3962.86669921875,2747.629150390625,2011.3939208984375,1010.9342651367188,443.78216552734375,203.8211212158203,121.96798706054688,715061.9694976807,133289.380859375,337885.08203125,15504.006607055664,98.83711679508211,44.03668447625314,39.44814019550217,4.588544280750976,18.640255886214817,2.168204612803975
Baringo,2022,10172.50390625,39410.6796875,49577.84375,49933.421875,42178.56640625,32279.57421875,24650.30859375,19877.5390625,16001.1396484375,13187.048828125,12097.4775390625,10074.4609375,7357.033203125,5680.51708984375,4076.24169921875,2780.3095703125,1721.95654296875,1147.51220703125,731.4323120117188,564.4974365234375,10668.71875,41308.890625,51929.10546875,52349.5234375,44673.0859375,33523.94921875,24181.552734375,20435.63671875,16696.2578125,13426.486328125,11495.970703125,9036.6171875,7001.3203125,5448.57421875,3684.2744140625,2608.3876953125,1359.0758056640625,651.5187377929688,356.33648681640625,234.61485290527344,694569.9619598389,101560.79296875,369303.11669921875,19916.157760620117,102.20373551959159,32.893562289729545,27.50065958730233,5.39290270242722,14.622111310742575,2.86740844715247
Bomet,2022,12382.447265625,47972.51953125,63171.64453125,68601.359375,61230.8671875,45972.5859375,37084.203125,34452.71875,20843.71875,20049.875,18778.96484375,12113.3232421875,11054.3857421875,7660.3974609375,5171.4541015625,3376.85107421875,2500.5654296875,1866.527587890625,1081.3076171875,626.7333374023438,12807.8212890625,49591.421875,65699.15625,68263.6875,61309.9140625,43676.296875,34008.7734375,31822.0078125,26145.51171875,21033.0625,18424.578125,11763.390625,9727.072265625,7097.59912109375,4485.71337890625,3045.16650390625,1673.990234375,873.7774658203125,493.6339111328125,306.7597351074219,948241.784576416,122754.2099609375,534249.2465820312,25502.480377197266,99.21361878644895,27.750472515710083,22.976955184547784,4.7735173311622985,12.945454625348784,2.6894491248969103
Bungoma,2022,28616.67578125,110863.953125,152765.515625,162453.296875,139921.15625,91477.6171875,71377.25,66251.609375,50457.5078125,47007.2578125,38040.29296875,34124.59765625,29133.51171875,20714.751953125,13212.5517578125,7804.51416015625,5850.31689453125,3734.91552734375,1755.4158935546875,981.0386352539062,28565.70703125,110601.3359375,153527.34375,159594.484375,138762.5,86990.6015625,62386.41796875,59021.81640625,49901.828125,42214.2421875,35335.71875,28116.31640625,24650.7890625,17626.111328125,10322.9248046875,6197.99267578125,3931.24755859375,2058.384033203125,1014.8524169921875,591.3323364257812,2097955.693725586,278647.671875,1133511.89453125,57455.48669433594,94.87881468392445,29.651489339538628,24.582686182594614,5.068803156944017,13.281866376318588,2.7386415674158253
Busia,2022,12819.6396484375,49657.546875,67330.9609375,73134.1015625,65800.53125,43824.76953125,34331.80078125,31073.67578125,23738.01171875,21163.6171875,16827.8203125,17108.16015625,14309.205078125,10561.080078125,6963.6533203125,4457.2568359375,3128.734130859375,2005.2867431640625,1038.6373291015625,627.60546875,12744.427734375,49336.640625,65776.703125,70922.640625,63386.62109375,40379.3359375,28150.1015625,26500.78125,23303.39453125,19158.23046875,14679.1669921875,12883.662109375,10961.177734375,7934.96044921875,4911.345703125,3327.22216796875,2060.96435546875,1068.1846923828125,548.27001953125,322.49615478515625,958258.4220581055,124558.2548828125,526076.1040039062,30459.65692138672,91.68921918245925,29.46682250426797,23.676850922293102,5.789971581974868,12.998399180806752,3.1786474525281814
Elgeyo-Marakwet,2022,6117.0537109375,23698.908203125,29896.75390625,30502.625,27278.001953125,20517.0703125,15753.8984375,13468.419921875,10533.5263671875,9014.4130859375,8360.703125,6071.2607421875,5314.4169921875,3897.6611328125,2760.7724609375,1930.96826171875,1367.1856689453125,892.6314697265625,478.72900390625,303.73736572265625,6197.45751953125,23996.33203125,30792.375,30249.32421875,27283.74609375,21713.986328125,15989.486328125,13650.9326171875,11472.41015625,9354.05859375,8314.0283203125,5594.3720703125,5025.35302734375,3638.98583984375,2587.27197265625,1639.70166015625,1000.7752685546875,495.7895812988281,231.9112091064453,134.20974731445312,437521.2447052002,60009.75146484375,242246.7314453125,13823.683670043945,100.55178650092995,30.478609430301308,24.772161468106756,5.706447962194552,13.715848588170399,3.1595456991713124
Embu,2022,6973.98388671875,27018.85546875,32359.86328125,35860.16015625,35559.8203125,28348.625,23362.41796875,24045.97265625,24814.01953125,20358.615234375,17939.546875,16390.85546875,13337.736328125,8503.9892578125,6520.0634765625,4358.1689453125,2837.144775390625,2285.3427734375,1607.71435546875,1046.0709228515625,7186.2763671875,27825.00390625,32804.5859375,36205.671875,36098.03125,30590.0859375,25739.77734375,25832.884765625,25988.630859375,21336.1328125,17773.41796875,15042.6025390625,12468.42578125,7793.39697265625,5709.8525390625,3256.040771484375,1933.1474609375,1168.557861328125,660.9159545898438,369.178955078125,669311.5845336914,69004.11962890625,431324.98486328125,31752.198791503906,100.67569878758968,23.35972224107242,15.998173546746603,7.361548694325816,10.309715418564187,4.74400854926568
Garissa,2022,15478.9833984375,59968.36328125,82224.390625,73810.3515625,61230.68359375,46334.5,39155.203125,28830.9921875,27124.1875,20856.490234375,11709.0185546875,11383.2626953125,4537.3955078125,5714.02587890625,1941.97998046875,2483.309326171875,977.2913818359375,652.2617797851562,1115.20166015625,1312.1787109375,17169.234375,66477.71875,94484.28125,93569.109375,75673.578125,53923.625,34368.7421875,28093.5390625,22934.8671875,23809.41796875,14632.5810546875,16222.8193359375,7268.833984375,8150.5009765625,2692.003173828125,3153.7421875,1270.7720947265625,709.669921875,911.3171997070312,790.2720947265625,1063146.6962890625,159094.2998046875,541954.2641601562,18009.99951171875,113.98167305300582,32.6788275373859,29.355668979047383,3.323158558338514,14.964472951852246,1.6940276985841238
HomaBay,2022,16830.875,65206.76953125,84471.3125,90684.2734375,73878.421875,53939.8671875,43044.20703125,41164.95703125,28100.4609375,24463.658203125,19846.498046875,16409.50390625,15696.658203125,12760.294921875,9056.740234375,5975.55078125,3854.326171875,2384.5009765625,1263.06103515625,780.5081787109375,17008.05078125,65854.5625,83950.5703125,89958.765625,72042.40625,47474.8359375,34832.1484375,33184.93359375,29350.376953125,22935.078125,15680.7158203125,12173.912109375,10897.048828125,8816.396484375,6081.328125,4170.7958984375,2304.40087890625,1160.8675537109375,638.994384765625,421.7452697753906,1168750.379058838,164900.2578125,616692.3798828125,38092.81948852539,91.65735108831132,32.91642379943131,26.73946738953306,6.1769564098982395,14.109108391929642,3.259277615738655
Isiolo,2022,6216.8955078125,24085.71484375,29075.52734375,26515.521484375,21763.029296875,17514.458984375,14113.3173828125,12155.130859375,9459.08984375,6637.7734375,5128.93798828125,4260.48974609375,3629.71630859375,2793.187255859375,1528.4422607421875,1188.197265625,622.8045043945312,425.7330322265625,358.8135986328125,317.82928466796875,6358.6103515625,24620.31640625,30713.03125,29444.056640625,25733.7109375,19243.001953125,15366.5439453125,13957.09375,10821.91015625,8345.5673828125,5795.2705078125,5070.1044921875,3700.348388671875,3403.90771484375,1658.094482421875,1270.839599609375,678.4094848632812,340.6335144042969,225.1394805908203,167.6808624267578,394704.8815307617,61281.537109375,208892.59033203125,8782.617370605469,110.18350227863203,33.54075621764021,29.336386231780182,4.204369985860028,15.525913151038381,2.225109893889414
Kajiado,2022,21148.2421875,81921.890625,91261.515625,82118.53125,70766.75,84719.125,77111.7890625,62252.859375,48949.14453125,34928.08984375,26471.765625,20334.08984375,12901.29296875,8610.318359375,4856.04296875,3124.7900390625,1920.967041015625,1231.12841796875,749.494873046875,531.3475341796875,21679.693359375,83931.0625,92656.03125,78867.59375,65116.46875,75125.734375,75341.2421875,67031.8203125,54794.26953125,38834.83984375,30680.380859375,23044.10546875,14206.0078125,8523.58984375,4673.7109375,2979.2216796875,1606.9232177734375,757.12744140625,384.5599060058594,230.49485778808594,1476374.0530548096,208680.888671875,899743.68359375,23045.80891418457,100.61905774064506,25.754745691628354,23.193370787373937,2.561374904254416,14.134689528042513,1.5609735802725466
Kakamega,2022,20853.8515625,80792.7265625,115054.0078125,125185.90625,108721.21875,69186.8125,55262.26953125,54356.7890625,41597.265625,38380.01171875,31108.853515625,30029.15625,24917.48046875,19398.400390625,12881.181640625,7683.26904296875,5988.60205078125,3585.6611328125,1513.384521484375,776.4830322265625,20739.263671875,80301.6875,114640.484375,121633.8046875,105501.4296875,65102.60546875,45379.421875,45278.2109375,40361.2421875,34423.2109375,27665.4375,23765.900390625,20333.650390625,15526.25,9952.666015625,6494.05224609375,3869.005859375,1920.6016845703125,940.0900268554688,526.953125,1631629.299987793,202687.529296875,896295.6171875,56131.95037841797,92.57413628864136,28.87657539679226,22.61391503094608,6.26266036584618,12.422400682458413,3.4402391755797663
Kericho,2022,12060.462890625,46725.0703125,60494.9609375,65211.5078125,58771.1796875,46700.56640625,39213.0390625,36090.00390625,23535.04296875,21179.02734375,18990.69921875,13121.93359375,11925.97265625,8378.1572265625,5354.28369140625,3256.2763671875,2185.7392578125,1601.0570068359375,1001.9786376953125,681.1104125976562,12379.060546875,47931.27734375,61849.3828125,64726.6171875,58315.83203125,45511.40625,37721.4140625,35532.875,28960.435546875,23514.39453125,19772.59375,13012.080078125,11018.9970703125,7697.4501953125,5183.15966796875,3475.051025390625,1726.690185546875,841.31396484375,470.67486572265625,307.7182922363281,956426.4938049316,119095.87109375,558963.1005859375,26085.05337524414,100.72833467768587,25.973257325359594,21.30657121532831,4.666686110031284,12.452171898747114,2.7273453364377764
Kiambu,2022,35047.00390625,135780.34375,141618.78125,132415.90625,139277.171875,177788.09375,156952.9375,133517.5625,121180.875,88179.828125,69339.90625,55543.71875,36897.5546875,21761.775390625,14800.46484375,9700.095703125,7377.6240234375,5088.9443359375,2626.6064453125,1491.427001953125,35777.4609375,138529.046875,142141.234375,129154.34375,122754.34375,159232.578125,154126.140625,138982.8125,120104.421875,91444.2734375,72903.828125,57244.83203125,38760.27734375,21488.94921875,13183.021484375,8617.677734375,4490.0537109375,2081.092529296875,1031.29296875,599.862060546875,2939034.164794922,345133.85546875,1977481.880859375,71088.16284179688,97.73012772070761,21.048082530579997,17.45319938500582,3.5948831455741757,11.7431045750648,2.4187593221379657
Kilifi,2022,23604.212890625,91448.2734375,112385.609375,112911.3671875,100872.8671875,80388.140625,66759.4453125,57274.8515625,40469.63671875,40247.80078125,27795.44140625,24195.9375,18870.625,19539.08984375,11130.060546875,6913.6162109375,4554.060546875,2704.342529296875,1392.927734375,800.5964965820312,23985.755859375,92871.9921875,113986.984375,111797.71875,99566.9296875,76041.6953125,59291.7265625,47933.4765625,39025.63671875,34371.51171875,28401.51171875,22778.205078125,17012.419921875,12463.0732421875,8901.7451171875,5142.4619140625,3240.9892578125,1468.7752685546875,579.7243041992188,288.274169921875,1643409.5106201172,231910.234375,913300.0224609375,47117.57409667969,94.6570542506048,30.55160424937074,25.392557612131117,5.15904663723962,14.111530502673798,2.867062274630536
Kirinyaga,2022,8893.365234375,34454.99609375,40856.87109375,43830.5546875,44258.734375,34551.671875,30432.306640625,35379.5859375,40420.77734375,33539.38671875,28896.7265625,26520.322265625,20454.48828125,12220.5283203125,9310.0302734375,6554.35498046875,4089.135986328125,3254.8056640625,2367.530029296875,1541.7412109375,8937.509765625,34605.71484375,41074.60546875,43582.6015625,44433.2734375,36082.04296875,30870.47265625,36268.51171875,40270.1875,33661.03125,28608.8828125,25759.564453125,19897.455078125,11754.8388671875,7938.248046875,5023.8271484375,2724.10693359375,1453.4520263671875,815.722412109375,503.20989990234375,916093.1724243164,86891.5859375,614280.7890625,45576.164611816406,98.36245179170928,21.564690432771858,14.145255310704371,7.419435122067484,9.485016213749656,4.975057776187248
Kisii,2022,15301.7939453125,59282.75,84923.609375,96099.90625,80432.75,57644.7109375,51521.7578125,51647.2890625,34500.4921875,28988.66796875,28965.873046875,17869.10546875,21960.912109375,16509.04296875,10268.96484375,6038.66943359375,3688.2451171875,2557.466064453125,1581.0164794921875,1060.84033203125,15414.19921875,59683.2265625,85221.765625,95515.625,77403.203125,49443.765625,40841.90625,40563.6796875,34173.0078125,28442.224609375,22795.828125,17483.2109375,19106.466796875,13558.150390625,8001.99462890625,4994.00244140625,2755.386474609375,1418.23583984375,775.9456787109375,499.08203125,1288934.7702636719,149681.9697265625,733852.044921875,43639.849365234375,92.13632867186966,26.34343263462292,20.39675037527455,5.94668225934837,11.612842882339399,3.385729857866054
Kisumu,2022,16449.279296875,63728.37890625,79913.5078125,88919.84375,80045.59375,67715.453125,56330.94140625,49295.66796875,35824.52734375,27686.7265625,19949.72265625,18955.05078125,16557.294921875,13185.0068359375,8947.349609375,5481.9345703125,3680.982666015625,2255.0078125,1111.6129150390625,641.7020874023438,16398.66015625,63495.03125,79911.9609375,86727.7109375,74421.0,59594.03125,49947.62109375,47350.140625,41009.55859375,30999.99609375,21070.1875,16346.8935546875,13141.427734375,9976.689453125,6707.166015625,4425.99267578125,2333.88525390625,1100.06005859375,561.5946044921875,341.2666931152344,1282536.4592590332,160071.349609375,749403.53125,37588.5549621582,95.30746825206602,26.375630261821403,21.359833912495326,5.015796349326076,12.480842041859292,2.930798161003114
Kitui,2022,13602.4169921875,52698.96484375,72192.765625,86499.390625,79842.265625,47159.28515625,36479.0390625,37182.6640625,35083.0625,30256.34765625,28853.21484375,22381.109375,17450.30078125,13749.185546875,11064.232421875,8445.44140625,5106.42822265625,3643.9208984375,2611.560302734375,2019.821044921875,13887.6884765625,53772.63671875,73889.859375,87395.0546875,80903.6640625,47262.7109375,32902.921875,31947.20703125,29673.203125,25758.890625,23509.228515625,18680.91796875,14938.564453125,11354.2412109375,8451.013671875,5665.12451171875,3668.36181640625,2187.544921875,1268.0496826171875,835.2091674804688,1174273.5098266602,133961.70703125,665368.0244140625,54966.708068847656,93.67178478569078,28.394573855043927,20.133475327315224,8.2610985277287,11.408049820609909,4.680911866687816
Kwale,2022,15613.5,60489.76171875,72864.078125,69419.21875,57684.63671875,44543.58203125,38490.6484375,32957.4296875,26090.01953125,23650.25390625,17163.5078125,11899.416015625,10036.193359375,10507.9287109375,6573.40380859375,4189.65185546875,2227.210693359375,1350.1204833984375,844.0166015625,571.1981201171875,15890.466796875,61526.6640625,74801.5,69723.78125,57497.2890625,39757.24609375,33040.05859375,28924.796875,24545.5234375,21742.453125,17773.3515625,13957.4970703125,10389.619140625,8197.15234375,5763.8212890625,3409.0439453125,2016.0654296875,957.5042114257812,418.46990966796875,211.01197814941406,997709.0925445557,153520.392578125,528848.603515625,28531.518325805664,96.7224799139868,34.42420187813768,29.02917613047818,5.395025747659499,15.387290115457086,2.8597031478423163
Laikipia,2022,7616.70947265625,29508.9296875,34779.87890625,34827.5234375,31698.44921875,24629.94921875,20454.314453125,19927.16015625,18185.65625,15182.35546875,13103.71875,11902.37109375,9039.1337890625,6010.58935546875,4315.4013671875,2955.47998046875,2139.25048828125,1283.384521484375,599.665283203125,357.64410400390625,7851.294921875,30399.93359375,35625.0234375,36008.8125,32998.0546875,24651.66796875,20368.8671875,20125.6171875,19026.787109375,15742.880859375,13124.8515625,11474.9248046875,8696.9814453125,5400.3984375,3662.102294921875,2738.974609375,1625.070556640625,766.1029052734375,361.1094055175781,200.01821899414062,579367.0386962891,75376.86767578125,341744.72900390625,21004.203735351562,100.80823803271268,28.202650467223783,22.056482888700142,6.146167578523641,13.010209874106193,3.6253708499910378
Lamu,2022,2280.02490234375,8833.3544921875,10708.97265625,10388.9853515625,8980.357421875,7094.158203125,5860.3837890625,5390.7978515625,4638.37548828125,3959.537109375,3308.021484375,2611.766357421875,2209.455810546875,1648.086669921875,1071.668701171875,665.1532592773438,360.11077880859375,205.383056640625,118.83146667480469,99.63081359863281,2408.548583984375,9325.814453125,11060.5439453125,10797.333984375,9544.8896484375,8857.640625,7811.94140625,6778.60986328125,5583.4892578125,4768.74169921875,4018.62939453125,3149.09716796875,2418.56201171875,1695.1368408203125,1100.165283203125,726.84814453125,388.9370422363281,167.79649353027344,75.89893341064453,43.14484405517578,171154.82528686523,22847.742431640625,100327.67810058594,5023.568817138672,112.79164874913144,27.78028135051251,22.773119904892116,5.007161445620391,13.349166401441797,2.9351020683868447
Machakos,2022,17922.234375,69434.953125,82860.28125,89657.34375,85364.796875,79661.09375,70312.0625,64679.8046875,61007.0859375,48399.9296875,37766.734375,30829.1171875,24789.708984375,19315.939453125,13720.1591796875,8077.5234375,5812.9794921875,4538.33935546875,2751.76904296875,1661.8116455078125,18353.767578125,71065.125,85405.7890625,90092.1953125,84855.9765625,81420.03125,72765.5625,69481.484375,64227.5546875,50915.7578125,41250.8515625,31290.0859375,24537.701171875,18469.98828125,11110.92578125,6562.892578125,3473.005859375,2028.590087890625,1323.735107421875,866.7503662109375,1648061.4389648438,176776.080078125,1061341.267578125,61928.48193359375,101.33576693047046,22.49083959171952,16.655913180640795,5.834926411078726,10.726304001697837,3.7576561449366457
Makueni,2022,10390.642578125,40255.796875,55460.390625,68020.4609375,64099.0234375,39778.34375,33349.4765625,33620.234375,32633.697265625,27697.560546875,27258.2265625,20349.5625,17008.3359375,14481.705078125,11307.158203125,6946.8603515625,4812.119140625,3766.40576171875,2361.656982421875,1412.217041015625,10684.1875,41368.79296875,57339.9765625,68672.640625,66895.453125,45348.64453125,34697.578125,33686.91015625,32069.630859375,26919.515625,24378.1796875,19112.123046875,15125.0615234375,12303.46484375,8592.181640625,5435.8955078125,3036.9423828125,1787.0147705078125,1142.219970703125,773.5840454101562,1024379.8720092773,102699.419921875,620812.7275390625,51374.255798339844,98.90489924693048,24.81806008246187,16.542737506201174,8.275322576260697,10.025521071634733,5.015156701348635
Mandera,2022,19897.013671875,77066.65625,92541.203125,75645.796875,57204.25,39999.13671875,30420.3203125,23279.740234375,18426.236328125,14403.041015625,7800.642578125,6788.78515625,3782.991943359375,3415.6240234375,1485.062255859375,1371.197998046875,539.9071044921875,317.2476806640625,361.6538391113281,469.66229248046875,17237.92578125,66723.65625,84117.625,82642.8828125,65684.03125,41526.73046875,29571.51953125,24580.62890625,16758.533203125,16499.015625,9521.0166015625,9038.6015625,4915.208984375,4784.224609375,2047.8304443359375,1713.2803955078125,872.3109130859375,457.837158203125,359.199462890625,310.48291015625,954578.7112731934,180925.251953125,428400.2790527344,10305.672454833984,100.87252343964839,44.63837531357425,42.23275772676465,2.405617586809601,18.95341366997504,1.0796042623963962
Marsabit,2022,8557.892578125,33155.2265625,43571.5625,39599.98828125,31795.318359375,24397.80078125,19099.62109375,14925.208984375,10795.0400390625,8743.6396484375,6964.6728515625,6530.0830078125,4354.2392578125,3667.609130859375,2061.4560546875,1843.54736328125,811.0721435546875,494.1817932128906,483.44012451171875,537.178466796875,8907.9541015625,34491.203125,45201.1796875,44282.65625,39976.9375,29501.47265625,23240.97265625,18418.05078125,12922.40625,11150.310546875,7728.6630859375,7319.541015625,4673.158203125,4052.8115234375,2116.3603515625,2073.701171875,922.959228515625,472.2591247558594,426.1965026855469,393.71722412109375,560661.2900085449,85112.2763671875,290257.5573730469,12636.069549560547,113.67578754618657,33.67641717976674,29.323018197179586,4.353398982587154,15.180694277268604,2.253779559021805
Meru,2022,18550.3125,71868.28125,88419.90625,98225.734375,91358.296875,69501.546875,57377.44140625,58882.359375,58593.03515625,45230.50390625,39580.640625,28872.9296875,25829.8671875,18954.455078125,13785.19140625,9847.591796875,5724.642578125,4215.37646484375,2962.830322265625,1887.218994140625,18765.513671875,72659.390625,89604.6796875,97493.875,86486.703125,71380.078125,59815.12109375,60635.7265625,60795.2109375,48741.8046875,38830.55078125,29438.416015625,24375.12109375,16995.953125,11721.7822265625,7907.5625,4357.4345703125,2304.2763671875,1286.8173828125,775.7804565429688,1614039.960144043,181843.498046875,991675.76171875,66776.50506591797,99.34585990624743,25.07069474824013,18.336991289542862,6.73370345869727,11.266356629153506,4.137227498379816
Migori,2022,19242.6640625,74539.3828125,94854.03125,98665.40625,80323.265625,62041.6953125,48175.109375,41952.72265625,28639.75390625,24268.47265625,20424.994140625,16098.197265625,13892.11328125,10677.4853515625,7277.4921875,4493.13818359375,3112.81640625,1958.7431640625,1000.6268310546875,633.4925537109375,19094.62109375,73921.890625,94222.171875,96501.140625,76214.4375,53406.9296875,41087.765625,37072.50390625,30433.873046875,23661.11328125,17693.7421875,13106.5107421875,10456.333984375,7867.775390625,5019.28125,3298.43505859375,1925.3094482421875,988.2362060546875,527.5845336914062,338.00421142578125,1259109.2635498047,186798.55859375,657494.794921875,30573.160034179688,93.03450544753305,33.06059915710181,28.41065207458347,4.649947082518343,14.835770333950935,2.4281578191224504
Mombasa,2022,17336.583984375,67166.0078125,71957.0078125,63741.4453125,63306.4765625,84738.671875,80307.2421875,64431.9375,52279.80859375,37637.3515625,26269.107421875,17999.634765625,12129.349609375,7992.10107421875,4664.76611328125,2560.6923828125,1432.608642578125,802.29345703125,414.6827087402344,289.07623291015625,17780.326171875,68844.7890625,71097.984375,61556.53125,54360.1328125,75805.015625,80438.296875,70613.890625,58747.46875,46962.91796875,36141.8203125,25323.1953125,16340.337890625,9160.8193359375,4796.2060546875,2461.503662109375,1221.5762939453125,461.484619140625,176.0201416015625,92.29933166503906,1379839.4620819092,171127.70703125,920985.5766601562,19373.20964050293,103.6793149290953,20.684462547457223,18.580932358552683,2.1035301889045375,12.402001227958186,1.4040191031551255
Murang'a,2022,11703.818359375,45343.34765625,56196.6953125,57367.0390625,53673.90234375,37693.45703125,32646.234375,34670.609375,38815.5,33378.9296875,31207.330078125,28475.47265625,23708.3828125,15863.794921875,12939.240234375,9368.0078125,7565.4970703125,5458.7509765625,2746.24267578125,1321.37255859375,11958.083984375,46301.2734375,57176.6484375,58716.8125,56944.7421875,41120.796875,32989.33203125,36654.46484375,38616.9609375,33873.6953125,30312.91015625,25806.330078125,21452.7734375,14185.443359375,10896.158203125,8182.4814453125,4650.1279296875,2309.5400390625,1162.4322509765625,616.9347534179688,1074071.567199707,115306.5234375,662091.0625,67216.78594970703,98.84925369612702,27.567704765265127,17.41550822361388,10.152196541651252,10.735459997151246,6.258129160327089
Nairobi,2022,66646.59375,258204.59375,258373.890625,228473.671875,246243.25,373205.46875,354624.5625,278356.25,219792.125,145166.09375,97541.6953125,68269.3515625,40740.453125,22342.091796875,12327.013671875,6614.837890625,3890.61865234375,2265.812255859375,1148.1988525390625,731.3966674804688,67919.6640625,262982.5,256069.8125,215393.734375,195670.03125,313651.65625,346006.625,306570.6875,243154.921875,174451.921875,126889.921875,90134.4453125,56074.890625,27909.7890625,13833.2216796875,7137.40771484375,3222.3251953125,1254.259033203125,519.4014892578125,275.4029541015625,5394080.589416504,655753.3515625,3726796.232421875,53219.896057128906,100.9000010470637,19.023665459672838,17.595632029936763,1.4280334297360744,12.156906829481299,0.9866351674750541
Nakuru,2022,32559.68359375,126143.875,148121.8125,152124.21875,140357.046875,123657.25,105128.0390625,95776.6171875,81522.3125,62829.21875,52947.74609375,42160.6328125,30707.779296875,19297.546875,13033.3544921875,8389.146484375,6246.794921875,4035.48193359375,1944.7470703125,1078.4578857421875,33409.1796875,129359.140625,151760.8125,152250.703125,139007.8125,125094.7421875,101006.953125,94750.4765625,83267.2890625,66852.4375,54715.7578125,41864.0390625,30335.96484375,18343.771484375,12156.603515625,7871.5185546875,4375.63330078125,2123.2412109375,1034.75341796875,570.23486328125,2498212.827026367,321471.87890625,1509623.43359375,62859.96765136719,100.16740380323445,25.458789126152602,21.29483894807904,4.163950178073563,12.868074145984561,2.516197458092058
Nandi,2022,11813.486328125,45768.23046875,59977.0234375,64859.62109375,60097.4609375,43969.125,35973.90234375,34439.8125,25358.58203125,22370.060546875,19743.18359375,15364.265625,12544.48828125,8531.3173828125,6031.99365234375,3600.1728515625,2804.655517578125,1919.6011962890625,935.4559326171875,521.915283203125,12008.7158203125,46497.31640625,60978.23828125,65256.9296875,59961.84765625,44312.03125,33925.6171875,33238.2890625,28473.75390625,23641.2265625,19730.375,14530.205078125,11644.21484375,8153.5595703125,5212.4541015625,3325.859375,2292.15625,1210.66552734375,553.6510009765625,283.912109375,951855.3726806641,116087.7490234375,556003.318359375,28692.492797851562,99.707665939551,26.039456427795955,20.878966939618824,5.160489488177129,12.195944085129783,3.01437525293851
Narok,2022,23334.240234375,90401.7578125,114553.71875,103221.9140625,76397.21875,63520.953125,51653.015625,43154.03515625,30871.2421875,26307.9375,22058.0078125,16408.59765625,12448.3837890625,8922.3134765625,5076.27197265625,3596.64453125,2211.787353515625,1433.64208984375,900.6083984375,619.8848876953125,23716.70703125,91829.609375,117146.9453125,104836.3125,79203.5625,59833.41796875,47678.9765625,43174.30859375,34358.375,27264.75,22737.96484375,16567.720703125,11520.4892578125,8045.427734375,4980.61328125,3320.215576171875,1980.2236328125,992.7360229492188,501.39080810546875,294.9892883300781,1397076.91116333,229282.314453125,702126.6982421875,25909.007843017578,100.41494667772221,36.34548051441826,32.65540464807075,3.6900758663475113,16.411574239116458,1.8545154984662544
Nyamira,2022,6686.462890625,25904.931640625,37575.3828125,44201.1953125,36121.25390625,23957.9609375,23129.21875,24587.39453125,16866.8671875,15154.544921875,13832.19140625,9156.234375,10537.71875,7849.57470703125,4870.08251953125,3119.918212890625,1865.4560546875,1249.409423828125,774.0687255859375,513.73193359375,6718.630859375,26014.296875,38086.35546875,44443.2109375,35215.1171875,20834.255859375,17618.96484375,18421.7421875,16432.078125,14227.140625,11646.5263671875,9151.73828125,9948.646484375,7145.40380859375,4052.452880859375,2706.67138671875,1492.1728515625,747.8900756835938,409.43328857421875,265.58673095703125,593531.9141235352,65324.322265625,341834.5732421875,22066.874084472656,92.73420283210176,25.565347448978365,19.109922570454323,6.455424878524041,11.006033662417128,3.7178917526378794
Nyandarua,2022,7307.44091796875,28310.74609375,36113.703125,39373.5,37956.01171875,24345.6875,19776.4609375,21131.60546875,22693.142578125,19287.18359375,18181.96875,16541.1953125,12146.125,7125.888671875,5075.09765625,3788.35498046875,3357.7099609375,1979.9786376953125,789.3190307617188,404.51806640625,7505.4541015625,29060.849609375,37156.31640625,41013.1796875,39769.26171875,25903.54296875,19340.53515625,20233.1953125,20764.92578125,17750.7890625,16184.861328125,14618.5625,11218.03515625,6573.134765625,4294.58984375,3061.5927734375,1929.8150634765625,1001.7001953125,508.8544616699219,303.13128662109375,643877.9651794434,72184.49072265625,391542.11328125,26494.66195678711,97.6992197545039,25.202691953741585,18.43594552773054,6.766746426011047,11.210896260837105,4.114857688817363
Nyeri,2022,7593.5146484375,29419.0625,36292.890625,36725.234375,37142.3984375,29377.953125,24685.2421875,26595.306640625,29900.990234375,25516.203125,23572.7265625,23505.890625,17384.978515625,10936.8828125,8076.6064453125,6363.71923828125,5128.50732421875,3409.44921875,1706.2684326171875,940.3142700195312,7839.5,30354.26171875,36856.8671875,37651.0703125,38281.921875,31467.953125,24722.02734375,26979.1640625,28592.095703125,24842.056640625,22685.2734375,21140.287109375,16494.833984375,9777.7880859375,6918.88427734375,5466.705078125,3130.446044921875,1543.3846435546875,810.751708984375,480.697998046875,760310.1096801758,75206.3388671875,493601.9736328125,43975.73468017578,97.85617397506192,24.145380268682253,15.236231393826039,8.909148874856214,9.891534771097945,5.7839208133999644
Samburu,2022,6183.833984375,23957.626953125,29861.630859375,26505.130859375,20150.314453125,17282.505859375,13061.9814453125,10206.78515625,7142.3466796875,5788.23779296875,5380.2978515625,3917.245849609375,2646.18603515625,2747.715576171875,1576.701171875,1256.8043212890625,710.2349853515625,427.8913269042969,295.10626220703125,231.35357666015625,6279.95751953125,24315.775390625,30612.2734375,28132.87109375,23619.55078125,17590.80078125,13089.5302734375,10000.8271484375,6929.126953125,6463.5888671875,5049.4892578125,3547.859375,2611.697021484375,2393.939697265625,1198.37158203125,1090.72021484375,639.6770629882812,303.09197998046875,176.6464080810547,123.85071563720703,363499.5765609741,60737.19384765625,179620.02685546875,8030.449607849121,102.69877679341157,38.285064677581445,33.8142660988067,4.47079857877475,16.70901364515567,2.2092046664329685
Siaya,2022,13938.4765625,54000.9453125,73720.8203125,80047.265625,66851.296875,46908.8671875,38752.078125,36720.41015625,28721.08984375,24069.02734375,19530.115234375,19979.01953125,17732.578125,15224.7978515625,11451.958984375,7547.892578125,5325.24658203125,3409.417236328125,1693.4566650390625,903.6641845703125,14032.64453125,54333.890625,73464.96875,79831.046875,65717.4375,42085.8359375,31995.140625,32326.330078125,28915.078125,22699.97265625,16452.775390625,14103.4501953125,11882.69921875,9685.951171875,7170.404296875,5054.25732421875,2916.75390625,1505.375244140625,804.3706665039062,478.5623779296875,1081985.3698120117,136305.95703125,590353.951171875,48261.36004638672,90.98518686287886,31.26384039799574,23.088853180482236,8.17498721751351,12.597763411064635,4.460444789079896
TaitaTaveta,2022,4434.8095703125,17180.478515625,19911.876953125,20964.89453125,19385.234375,15648.40625,13534.447265625,12285.6044921875,12077.2763671875,9906.828125,9004.251953125,7554.4306640625,6451.98828125,4827.951171875,3353.362060546875,2140.76220703125,1425.966552734375,985.992919921875,589.3128662109375,407.13909912109375,4479.5029296875,17343.353515625,20096.33203125,21136.08984375,19732.60546875,16904.94140625,14738.0087890625,14343.3984375,13872.123046875,11427.765625,9861.240234375,8297.8984375,6258.1689453125,4561.248046875,3057.154296875,1820.9974365234375,1080.616943359375,531.3985595703125,248.3013458251953,137.980712890625,372000.14027404785,43438.14453125,230673.8173828125,15778.985000610352,104.31595982769586,25.67137016403866,18.83098178375513,6.840388380283528,11.676916169776081,4.241661035123849
TanaRiver,2022,11338.501953125,43928.02734375,53570.2421875,47606.828125,36646.109375,30452.275390625,24943.45703125,18972.18359375,16057.1162109375,12326.9462890625,9982.400390625,8289.4345703125,5778.1328125,5276.748046875,2919.51123046875,2110.1923828125,1024.996826171875,604.451416015625,510.41461181640625,491.1619873046875,12115.37890625,46910.31640625,57938.7265625,51363.83203125,38992.68359375,31027.97265625,23095.501953125,18732.1953125,16237.04296875,13627.50390625,10503.0439453125,9045.9208984375,6511.3564453125,5500.97119140625,2733.544921875,2014.177490234375,1092.8306884765625,538.9349365234375,357.5107421875,266.08331298828125,681434.6606445312,114292.224609375,341998.99658203125,14663.810546875,104.74008900921461,37.70655365806574,33.41887717555366,4.287676482512066,16.772293986524303,2.151902653881051
Tharaka-Nithi,2022,3683.8544921875,14272.119140625,18339.869140625,20307.69921875,19332.2265625,13878.677734375,11499.33984375,11730.291015625,11623.046875,9456.541015625,9291.4697265625,6795.263671875,6266.56298828125,4641.3994140625,3551.59765625,2543.953369140625,1602.078125,1171.164794921875,783.7044677734375,529.2537841796875,3695.07861328125,14307.212890625,18551.146484375,20340.08203125,18936.8828125,13908.58984375,11339.904296875,11619.201171875,11388.0859375,9603.3154296875,8751.64453125,6829.71826171875,6039.3466796875,4444.0556640625,2970.95849609375,2017.400634765625,1197.62890625,649.662353515625,362.8836669921875,228.29673767089844,338481.20848083496,35958.26513671875,207375.5634765625,17608.58299255371,97.59543790114635,25.830839097551898,17.339682908580855,8.491156188971043,10.623415491248677,5.202233551334865
TransNzoia,2022,14503.501953125,56189.3828125,74652.0,77574.515625,68612.015625,47237.61328125,37774.96484375,34346.203125,27656.890625,24989.900390625,19659.509765625,16993.814453125,13853.3662109375,9536.919921875,6012.2470703125,3638.09033203125,2620.908447265625,1673.1666259765625,815.2840576171875,458.71307373046875,14833.251953125,57433.16796875,75139.5625,77577.8515625,68985.125,46263.2578125,34617.9609375,32786.4609375,28537.90625,24169.009765625,18947.5859375,15232.7685546875,12292.3671875,8835.7900390625,5331.11962890625,3320.521240234375,1942.076171875,979.07666015625,490.435791015625,278.2457275390625,1066792.5498657227,142959.3046875,591329.4306640625,27559.884826660156,97.99452737504642,28.836580875514215,24.175915703528712,4.660665171985508,13.400853306061645,2.5834343172090133
Turkana,2022,14875.75390625,57631.859375,75241.0703125,70946.6171875,59858.359375,46966.59375,39027.51953125,29840.61328125,24777.36328125,18721.083984375,13925.3037109375,10865.017578125,7394.951171875,6666.1826171875,4328.05859375,3182.9296875,1793.2725830078125,904.4656982421875,465.1471252441406,331.1317138671875,15169.2451171875,58734.3984375,78561.5,78271.484375,73723.21875,58419.3046875,42924.8828125,30859.677734375,23278.33203125,18870.046875,13539.587890625,10904.1376953125,6579.01904296875,5494.54345703125,3174.10888671875,2449.02392578125,1353.4208984375,551.903564453125,260.4865417480469,177.3367919921875,1011038.9539794922,146411.2568359375,542635.7392578125,18971.286010742188,107.28915506472134,30.477635526344226,26.98149905057688,3.496136475767349,14.481267636588738,1.8764149428734076
UasinGishu,2022,16607.4296875,64341.08984375,77144.5,81321.4375,79241.953125,73817.515625,59231.0546875,50641.09375,41029.703125,32346.77734375,26657.392578125,19294.150390625,14991.0263671875,9567.828125,6301.52978515625,3654.75390625,2941.609375,1963.089599609375,902.3350830078125,484.28485107421875,16826.41796875,65151.28125,78726.828125,79970.9375,75786.4375,73067.03125,59644.484375,51928.8359375,44097.8046875,34709.29296875,27986.732421875,20111.646484375,14742.2529296875,9253.48046875,5667.1201171875,3461.836669921875,2198.65087890625,1122.935546875,519.0298461914062,271.2566833496094,1327724.8483581543,162926.21875,818146.494140625,29488.432342529297,100.41718037477085,23.518361622344937,19.914064280277398,3.604297342067538,12.271083044914935,2.2209746529180556
Vihiga,2022,6733.4306640625,26086.896484375,37699.89453125,42298.28125,37604.34375,21811.93359375,17072.4453125,17029.26171875,15742.19921875,14165.96875,12245.447265625,12444.607421875,11117.904296875,9398.2509765625,6846.509765625,4290.8115234375,3392.04052734375,2278.6435546875,1090.1072998046875,574.9801635742188,6672.578125,25835.982421875,37356.09765625,41494.875,37093.8984375,21780.689453125,14673.9921875,14931.830078125,14432.3828125,12617.1640625,10888.33203125,9837.927734375,8656.568359375,7503.93408203125,5518.740234375,3838.29931640625,2309.297607421875,1174.8082275390625,590.506591796875,330.99383544921875,577462.8563232422,65328.8876953125,321049.08154296875,32235.738647460938,92.5364215787941,30.389318005170974,20.348567073090653,10.040750932080318,11.313089141571355,5.5823051291487
Wajir,2022,13937.6123046875,53997.59765625,70933.109375,62561.41015625,47923.81640625,34302.8359375,30466.37890625,24181.716796875,19931.091796875,14889.8466796875,7605.5146484375,6578.916015625,3629.76025390625,2973.92724609375,1336.838623046875,1136.890625,483.9347229003906,274.3876037597656,269.4458923339844,354.1939697265625,14061.12109375,54444.16796875,74564.484375,76224.1953125,62777.61328125,38506.9375,29966.322265625,26188.04296875,19492.87890625,18916.90625,10744.6923828125,11114.287109375,5572.1376953125,5310.4873046875,2111.467529296875,1722.707763671875,886.3688354492188,387.2149658203125,249.67156982421875,224.8336639404297,851235.7643585205,136440.4990234375,421074.1103515625,9437.955764770508,114.00241887473616,34.64436573087132,32.402965575233495,2.241400155637825,16.02852050351258,1.1087358120911215
WestPokot,2022,13658.8935546875,52914.42578125,60957.0625,53788.734375,41435.4609375,32941.80078125,24974.9609375,20080.326171875,14376.8388671875,12190.873046875,10846.2041015625,8187.3115234375,5597.01904296875,5136.61083984375,3852.1494140625,2498.66796875,1404.949951171875,803.3319702148438,454.4034423828125,337.9492492675781,13842.5859375,53594.671875,61147.75,53745.40625,41812.37109375,31369.34765625,24225.826171875,20449.59765625,14660.6279296875,12131.7001953125,10763.330078125,7824.10498046875,5390.0498046875,4183.35205078125,2915.76416015625,2029.4212646484375,1060.2183837890625,448.09014892578125,207.00839233398438,124.93572998046875,728364.1342163086,134010.5771484375,348577.7138671875,16136.890075683594,98.7687371364952,43.074316357852176,38.444964154965234,4.6293522028869445,18.398843497782554,2.2154976223597638
Baringo,2023,10303.400390625,39687.06640625,49584.3828125,50200.45703125,43336.5078125,33343.8671875,25333.458984375,20323.31640625,16639.0546875,13701.373046875,12507.279296875,10428.56640625,7656.7451171875,5969.03271484375,4328.078125,2894.021240234375,1760.12548828125,1148.126220703125,727.8500366210938,543.987060546875,10812.1201171875,41611.46484375,51931.953125,52714.30859375,46099.0859375,34803.703125,24756.2734375,20678.08984375,17236.06640625,13942.27734375,11896.298828125,9364.72265625,7301.001953125,5744.7666015625,3915.931396484375,2653.417724609375,1457.6021728515625,663.78564453125,343.75115966796875,219.63638305664062,708562.9537658691,102414.0517578125,381061.48779296875,20656.31265258789,102.20581978523022,32.29672070069298,26.87599115590873,5.420729544784251,14.453768887224838,2.91524028215189
Bomet,2023,12533.171875,48275.78515625,63133.921875,68923.7890625,62879.984375,47461.16796875,38088.640625,35208.37890625,21665.943359375,20824.37109375,19409.634765625,12535.1630859375,11502.99609375,8047.5361328125,5489.71826171875,3514.32763671875,2555.68310546875,1867.440185546875,1075.980712890625,603.9053344726562,12971.08984375,49920.46875,65652.75,68690.515625,63227.15625,45317.4296875,34797.12109375,32184.00390625,26981.82421875,21832.6015625,19060.341796875,12186.388671875,10141.498046875,7481.876953125,4766.7353515625,3097.162841796875,1795.0811767578125,890.177001953125,476.1988830566406,287.16168212890625,967355.1229553223,123700.515625,550834.05859375,26419.572174072266,99.20923069927822,27.25323270356972,22.45694754983031,4.796285153739409,12.787497857776184,2.7311141014438465
Bungoma,2023,28973.171875,111597.828125,152719.578125,163260.921875,143724.71875,94462.9921875,73330.5234375,67723.328125,52460.21875,48832.61328125,39325.4921875,35320.1875,30322.548828125,21765.943359375,14028.576171875,8124.0849609375,5980.80859375,3737.676513671875,1747.2164306640625,945.5968627929688,28937.93359375,111367.9375,153464.671875,160636.890625,143137.46875,90282.59375,63852.328125,59712.5546875,51513.671875,43829.25390625,36564.6484375,29133.673828125,25707.46484375,18584.642578125,10971.8515625,6305.44140625,4216.615234375,2097.491455078125,979.2483520507812,553.6832275390625,2140234.0915527344,280876.87109375,1169586.8671875,59688.290771484375,94.85298775364386,29.11841534987391,24.015050012417912,5.103365337455997,13.12365185669828,2.7888673957240195
Busia,2023,12973.8642578125,49968.1171875,67285.78125,73471.125,67562.046875,45237.37109375,35258.91015625,31754.478515625,24673.37109375,21978.16015625,17390.3671875,17701.400390625,14887.740234375,11092.666015625,7390.505859375,4638.22998046875,3197.4345703125,2005.88623046875,1033.3602294921875,604.7291259765625,12905.0625,49660.7890625,65725.9921875,71359.59375,65357.67578125,41890.140625,28801.53515625,26803.3125,24048.669921875,19884.236328125,15183.740234375,13345.4296875,11427.1875,8363.2890625,5217.9931640625,3383.9619140625,2209.66650390625,1088.0198974609375,528.8722534179688,301.865478515625,977592.578918457,125507.8330078125,542641.728515625,31600.52520751953,91.64515808829572,28.95250216843731,23.129041946540717,5.823460221896594,12.83846008187439,3.2324841543376115
Elgeyo-Marakwet,2023,6190.64599609375,23845.3828125,29875.2890625,30641.646484375,28005.80078125,21175.427734375,16177.5849609375,13760.486328125,10945.126953125,9359.669921875,8638.91015625,6280.740234375,5528.30078125,4093.552490234375,2930.16064453125,2009.472900390625,1397.157958984375,892.9173583984375,476.3018493652344,292.642578125,6275.5263671875,24151.953125,30766.74609375,30433.302734375,28129.98828125,22523.26171875,16356.7060546875,13802.603515625,11835.9501953125,9706.73046875,8598.884765625,5793.8349609375,5238.0908203125,3835.16015625,2748.689697265625,1667.431884765625,1073.02880859375,505.0223388671875,223.68521118164062,125.61302185058594,446309.42820739746,60463.50830078125,249786.81127929688,14342.124252319336,100.57298587714256,29.947791146369752,24.2060451435022,5.741746002867549,13.54744141158591,3.213493452272451
Embu,2023,7034.42431640625,27095.48828125,32229.591796875,35905.9609375,36391.2109375,29163.6796875,23911.296875,24486.26953125,25701.05859375,21068.705078125,18474.57421875,16900.001953125,13828.072265625,8901.3037109375,6896.392578125,4519.22021484375,2889.136962890625,2278.153564453125,1594.026123046875,1004.3604125976562,7252.67333984375,27912.59765625,32668.248046875,36307.91796875,37098.75,31628.87890625,26245.701171875,26035.353515625,26725.31640625,22068.046875,18320.6328125,15526.4072265625,12951.8037109375,8185.4443359375,6045.6083984375,3299.71337890625,2065.45849609375,1186.20068359375,635.3145751953125,344.37701416015625,682777.3725585938,69295.18359375,443612.5078125,32757.96240234375,100.65580194473563,23.005019966485744,15.62065594936713,7.384364017118614,10.149015825477331,4.797751612592078
Garissa,2023,15688.041015625,60427.1484375,82288.6171875,74260.125,62969.6953125,47901.7734375,40273.36328125,29505.064453125,28235.55859375,21693.2890625,12117.7802734375,11795.6142578125,4726.10009765625,6009.86376953125,2063.145263671875,2587.54931640625,999.928466796875,653.347900390625,1111.33935546875,1266.3271484375,17411.58984375,67009.3671875,94551.09375,94292.125,78157.40625,56032.6953125,35216.265625,28454.234375,23702.17578125,24751.259765625,15158.8759765625,16831.474609375,7588.1240234375,8603.9462890625,2864.001953125,3212.158203125,1364.399169921875,723.9288940429688,880.4830932617188,740.9574584960938,1084120.2341918945,160536.146484375,559724.560546875,18467.56622314453,114.01037892508037,31.980678591738982,28.681276077562913,3.2994025141760663,14.807965151950048,1.7034610775353984
HomaBay,2023,17045.025390625,65654.734375,84465.765625,91157.859375,75907.1015625,55716.1796875,44234.328125,42090.80859375,29224.08203125,25421.75,20523.587890625,16989.380859375,16341.5390625,13411.5517578125,9618.77734375,6221.705078125,3941.14892578125,2386.77587890625,1257.3748779296875,752.367919921875,17234.21484375,66327.5,83935.78125,90568.265625,74333.6875,49285.515625,35659.55859375,33581.12890625,30306.03125,23819.52734375,16230.57421875,12618.162109375,11367.052734375,9298.3974609375,6465.5185546875,4244.083984375,2472.2080078125,1183.197509765625,616.7333374023438,395.01568603515625,1192303.9989013672,166261.474609375,636359.9453125,39554.90710449219,91.57729698657674,32.34276186456017,26.126954695070925,6.215807169489241,13.944553969673375,3.317518614459025
Isiolo,2023,6299.98095703125,24266.5234375,29093.65625,26672.1875,22374.53515625,18100.873046875,14511.3251953125,12435.2041015625,9843.1875,6901.7119140625,5306.95263671875,4414.0224609375,3780.94580078125,2937.81787109375,1624.3631591796875,1238.0067138671875,637.2286376953125,426.3924255371094,357.45452880859375,306.630615234375,6447.24072265625,24812.814453125,30728.96484375,29664.94921875,26570.8515625,19989.625,15740.4375,14131.5478515625,11180.302734375,8672.9140625,6001.8720703125,5258.50048828125,3862.261474609375,3592.77978515625,1763.9805908203125,1294.155517578125,728.3033447265625,347.40478515625,217.46385192871094,157.18844604492188,402692.5582122803,61826.5595703125,215607.66821289062,9098.572616577148,110.2514806659938,32.89545904130752,28.675491963145326,4.219967078162189,15.353290819375037,2.259434010146474
Kajiado,2023,21395.0546875,82401.6875,91182.9609375,82476.6015625,72626.546875,87372.25,79117.4375,63555.4609375,50824.81640625,36242.6328125,27340.82421875,21030.693359375,13416.2802734375,9038.181640625,5150.23486328125,3250.5302734375,1963.50634765625,1231.863037109375,745.8973388671875,512.1262817382812,21945.20703125,84449.1171875,92567.9765625,79335.8515625,67118.7578125,77876.0625,77009.4375,67728.6640625,56491.421875,40270.0703125,31712.1171875,23855.740234375,14801.1005859375,8979.126953125,4961.8173828125,3028.490966796875,1722.2178955078125,771.4151611328125,371.19793701171875,215.86888122558594,1506087.2464447021,210191.06640625,926407.623046875,23925.16636657715,100.57746886628985,25.271406122807903,22.68883169537721,2.582574427430696,13.956101607156624,1.5885644356298312
Kakamega,2023,21101.0234375,81277.796875,114950.796875,125735.921875,111614.234375,71400.4609375,56739.078125,55530.75,43222.0703125,39848.140625,32141.755859375,31062.466796875,25918.2734375,20370.234375,13668.0595703125,7992.4013671875,6117.8251953125,3585.8291015625,1505.2801513671875,747.8992919921875,20996.8828125,80808.484375,114524.453125,122358.0078125,108765.9453125,67522.828125,46412.609375,45776.06640625,41637.17578125,35718.3515625,28609.69140625,24610.6484375,21191.8359375,16360.3486328125,10571.7734375,6602.0712890625,4146.93408203125,1955.732666015625,906.4873046875,493.0936279296875,1664499.7200927734,204184.1875,924452.9658203125,58293.38708496094,92.53225975064845,28.39274514653665,22.08702822634328,6.305716920193377,12.267000410707157,3.5021566168669507
Kericho,2023,12200.095703125,46992.828125,60422.703125,65478.15234375,60316.41796875,48181.63671875,40249.2109375,36857.44921875,24446.89453125,21982.076171875,19615.71875,13570.126953125,12402.48828125,8796.126953125,5680.25,3386.662353515625,2232.49951171875,1600.82421875,996.3909912109375,655.85888671875,12529.4296875,48220.6875,61769.1171875,65091.94921875,60102.9609375,47191.6640625,38570.546875,35913.76953125,29867.3828125,24391.51953125,20441.84765625,13471.265625,11481.158203125,8109.1982421875,5504.517578125,3532.132080078125,1850.3919677734375,856.5516357421875,453.7578125,287.8739013671875,975702.1337890625,119943.041015625,575959.4599609375,27037.7109375,100.73515160057069,25.519287757352483,20.824910319861704,4.694377437490782,12.292997715382217,2.7711029832948273
Kiambu,2023,35371.66796875,136246.03125,141123.296875,132648.78125,142613.4375,183033.6875,160759.1875,136063.703125,125604.375,91319.6796875,71458.4375,57307.0859375,38278.6796875,22791.12109375,15662.29296875,10062.943359375,7515.9638671875,5074.94384765625,2605.221923828125,1432.526123046875,36129.42578125,139047.5,141627.46875,129580.3515625,126220.8203125,164752.1875,157266.265625,140174.40625,123599.3359375,94649.09375,75202.828125,59130.3125,40292.08203125,22584.0703125,13965.771484375,8737.400390625,4799.44287109375,2113.2763671875,991.6385498046875,559.7302856445312,2998396.472351074,346794.625,2033100.796875,73521.15203857422,97.65654009137783,20.67363200509415,17.057424085074608,3.6162079200195443,11.566002968515859,2.452015692938883
Kilifi,2023,23887.271484375,92009.9765625,112301.640625,113425.578125,103572.53125,82967.53125,68546.828125,58517.1953125,42053.93359375,41792.296875,28722.029296875,25034.107421875,19632.919921875,20523.583984375,11813.4833984375,7193.83447265625,4654.0029296875,2705.460205078125,1385.89697265625,771.3251953125,24287.158203125,93471.421875,113888.3984375,112480.7421875,102665.046875,78878.765625,60646.38671875,48463.22265625,40261.1171875,35667.234375,29373.154296875,23591.587890625,17733.251953125,13135.72265625,9458.212890625,5229.67626953125,3475.1240234375,1496.2593994140625,559.227783203125,269.84832763671875,1676542.9866333008,233655.828125,941778.447265625,49012.35186767578,94.60484609793805,30.01429697328275,24.810063216396614,5.204233756886139,13.936763327149093,2.9234175478016495
Kirinyaga,2023,8961.0224609375,34516.4375,40648.37109375,43837.87109375,45246.25,35511.71875,31118.333984375,35994.16015625,41827.16015625,34676.78125,29731.732421875,27318.224609375,21186.673828125,12778.9404296875,9837.4296875,6789.59765625,4160.02880859375,3241.38037109375,2344.919189453125,1478.6888427734375,9010.728515625,34678.64453125,40860.74609375,43657.24609375,45616.29296875,37271.375,31447.107421875,36518.40625,41373.2109375,34783.55078125,29463.041015625,26564.6796875,20650.916015625,12334.673828125,8396.9501953125,5086.1875,2907.712646484375,1473.896240234375,783.2753295898438,468.8877258300781,934553.2510681152,87166.8330078125,631413.2294921875,46968.954193115234,98.3323221386675,21.243740380417133,13.805037483601065,7.438702896816067,9.327112490185893,5.025818928930342
Kisii,2023,15476.478515625,59612.94140625,84811.640625,96482.0,82537.84375,59465.39453125,52876.9140625,52741.609375,35834.80078125,30085.1640625,29916.642578125,18477.291015625,22834.771484375,17330.390625,10892.921875,6279.689453125,3766.6435546875,2556.75732421875,1572.03076171875,1021.4488525390625,15599.009765625,60034.26171875,85099.7578125,96043.484375,79765.1328125,51261.98046875,41756.9921875,40995.16796875,35240.375,29501.0703125,23565.1171875,18098.185546875,19905.51953125,14281.599609375,8496.921875,5075.41162109375,2952.443359375,1443.755126953125,747.9761352539062,466.85504150390625,1314904.3920898438,150722.69140625,756471.962890625,45272.85498046875,92.07647285336634,25.909162004865593,19.924425332342732,5.9847366725228595,11.462635026011196,3.443052989465974
Kisumu,2023,16636.203125,64080.01171875,79803.515625,89268.90625,82136.296875,69850.265625,57808.81640625,50336.0546875,37207.1328125,28732.6328125,20603.208984375,19600.140625,17216.328125,13841.3466796875,9491.2958984375,5701.021484375,3759.4384765625,2254.509765625,1105.344482421875,617.8745727539062,16594.3984375,63865.109375,79793.3671875,87203.796875,76689.3203125,61783.75,51064.16015625,47850.15234375,42287.77734375,32152.26171875,21779.671875,16920.890625,13690.619140625,10509.0625,7122.2568359375,4498.408203125,2500.89794921875,1119.88818359375,541.3726806640625,319.24267578125,1308336.7494506836,161175.72265625,772059.8896484375,39031.551208496094,95.25946955354699,25.9315729970005,20.8760647738924,5.055508223108101,12.319131349319738,2.983295487563414
Kitui,2023,13752.26953125,52971.55859375,72071.453125,86811.1640625,81901.0546875,48626.7421875,37421.0234375,37952.85546875,36423.0390625,31385.728515625,29786.169921875,23131.48828125,18135.23828125,14426.337890625,11730.6220703125,8778.4658203125,5212.5966796875,3641.161865234375,2595.396728515625,1943.741455078125,14048.677734375,54067.6640625,73756.8359375,87844.5625,83338.9921875,48977.4921875,33622.12109375,32269.201171875,30583.861328125,26704.470703125,24291.537109375,19328.560546875,15555.4462890625,11954.2294921875,8969.7158203125,5755.00341796875,3929.05419921875,2225.96142578125,1221.792724609375,780.883544921875,1197924.1711425781,134840.169921875,685815.58984375,56784.395751953125,93.62014467146862,27.941121273939856,19.661286783025123,8.279834490914732,11.256152365075383,4.740232906210771
Kwale,2023,15812.4287109375,60906.50390625,72862.125,69783.3046875,59265.90625,46001.57421875,39545.9921875,33692.3046875,27127.6875,24572.05859375,17745.37109375,12317.052734375,10447.083984375,11043.658203125,6980.95751953125,4362.08251953125,2277.428466796875,1351.5048828125,840.3342895507812,550.7169189453125,16101.896484375,61969.1640625,74790.90625,70198.8359375,59324.046875,41263.59375,33814.27734375,29260.57421875,25336.44921875,22574.486328125,18390.7578125,14462.66796875,10835.35546875,8644.060546875,6127.20947265625,3468.6357421875,2162.837158203125,975.9602661132812,403.9051513671875,197.6370086669922,1017789.3334197998,154789.9931640625,545664.958984375,29699.209396362305,96.67955910791034,33.809977995253234,28.367222526468826,5.442755468784415,15.208451108832504,2.9180114608366106
Laikipia,2023,7699.4765625,29657.16015625,34712.953125,34942.64453125,32504.197265625,25390.59375,20976.505859375,20331.71875,18869.521484375,15741.474609375,13519.681640625,12294.6572265625,9388.7685546875,6303.8408203125,4573.25,3070.599365234375,2182.59375,1281.78955078125,595.7273559570312,344.10675048828125,7941.06201171875,30561.92578125,35552.984375,36184.765625,33980.5859375,25540.296875,20809.5546875,20322.046875,19601.89453125,16313.5390625,13554.2080078125,11866.36328125,9051.3134765625,5683.23095703125,3884.9296875,2780.969482421875,1739.7041015625,779.2291870117188,347.8217468261719,186.9756317138672,591064.6624298096,75859.62451171875,352043.99365234375,21767.69660949707,100.78202675141235,27.731568463464924,21.548336537345637,6.183231926119285,12.834403633583369,3.6827944543346876
Lamu,2023,2305.177001953125,8879.17578125,10690.439453125,10426.01953125,9211.9033203125,7315.89794921875,6012.6748046875,5503.08251953125,4816.13671875,4107.8583984375,3415.305419921875,2699.705322265625,2296.459716796875,1729.357177734375,1136.3021240234375,691.404052734375,367.61566162109375,205.24722290039062,118.10994720458984,95.88740539550781,2436.49169921875,9377.068359375,11040.16015625,10852.533203125,9832.38671875,9180.564453125,7984.57861328125,6848.42333984375,5756.02294921875,4944.6630859375,4152.8564453125,3258.7841796875,2518.827392578125,1784.929931640625,1167.784912109375,738.4143676757812,416.580322265625,170.7437744140625,73.13218688964844,40.34027862548828,174599.0458984375,22997.912841796875,103370.41845703125,5221.562255859375,112.86398831361146,27.29937202429576,22.2480601172729,5.05131190702286,13.171843364582031,2.9906018265968672
Machakos,2023,18089.15625,69676.5625,82574.5390625,89819.953125,87413.71875,82012.796875,72018.578125,65914.4921875,63235.77734375,50124.59375,38922.09375,31809.01171875,25718.765625,20230.7578125,14520.59765625,8380.7763671875,5922.92529296875,4526.62744140625,2729.764404296875,1596.305908203125,18535.23046875,71334.578125,85101.375,90394.2734375,87257.71875,84243.5234375,74248.46875,70078.359375,66098.4375,52701.76953125,42553.515625,32322.13671875,25508.51953125,19412.5,11771.89453125,6654.875,3712.88232421875,2060.35595703125,1273.0950927734375,808.9132080078125,1681310.2163085938,177635.52734375,1091825.53515625,63959.01318359375,101.29719087145116,22.127577414899847,16.269589016191013,5.857988398708833,10.565303512742478,3.80411732250216
Makueni,2023,10491.798828125,40412.74609375,55294.1171875,68176.0,65667.6484375,40968.1171875,34171.51953125,34275.78125,33840.125,28697.814453125,28105.416015625,21007.009765625,17655.28515625,15176.4599609375,11973.654296875,7211.7978515625,4905.94482421875,3758.81689453125,2344.126220703125,1357.3902587890625,10794.3779296875,41543.1796875,57161.5,68935.984375,68821.7890625,46940.234375,35417.921875,33989.58984375,33017.40234375,27876.197265625,25159.373046875,19751.6796875,15731.291015625,12938.0703125,9108.310546875,5515.3125,3248.6435546875,1816.0452880859375,1099.1331787109375,722.3607177734375,1045079.9658203125,103242.1025390625,639208.7255859375,53061.5361328125,98.8766379989211,24.452676006354203,16.151547750607524,8.301128255746677,9.878871083135241,5.077270435584612
Mandera,2023,20210.333984375,77831.484375,92821.5546875,76275.3125,58947.796875,41436.30859375,31355.904296875,23872.890625,19218.69140625,15009.78515625,8089.77734375,7048.0068359375,3948.486328125,3599.214599609375,1580.6375732421875,1431.675048828125,553.7044677734375,318.44451904296875,361.0710754394531,454.0495910644531,17517.83984375,67401.7265625,84357.4375,83453.25,67968.6875,43231.875,30363.89453125,24946.50390625,17354.0234375,17184.708984375,9883.384765625,9395.369140625,5141.2568359375,5059.58544921875,2182.7236328125,1748.8399658203125,938.3750610351562,467.978515625,347.7677001953125,291.6820983886719,973602.0403137207,182961.384765625,443056.1516113281,10676.949249267578,101.0058074472195,43.70514511775974,41.29530401512814,2.4098411026316033,18.792214599988917,1.096644091442863
Marsabit,2023,8676.318359375,33419.76953125,43615.4140625,39848.7109375,32701.12890625,25227.1171875,19647.46484375,15276.712890625,11237.708984375,9094.671875,7209.52734375,6767.70947265625,4537.8916015625,3858.74169921875,2191.77685546875,1921.493408203125,830.2864990234375,495.20965576171875,481.7193298339844,518.2813110351562,9036.27734375,34776.9296875,45240.0390625,44628.48828125,41288.1796875,30653.77734375,23813.89453125,18654.6015625,13354.9521484375,11590.7841796875,8006.49462890625,7593.0927734375,4879.14111328125,4278.30419921875,2252.3056640625,2112.041748046875,991.1227416992188,481.79541015625,411.6735534667969,369.0349426269531,571970.585357666,85909.294921875,299671.89697265625,13056.741119384766,113.77470432762856,33.024797133476284,28.66778493070168,4.357012202774602,15.01987988912996,2.282764438178249
Meru,2023,18734.7265625,72163.1953125,88175.078125,98476.7421875,93615.3359375,71588.3671875,58792.7265625,60029.29296875,60757.62890625,46860.37890625,40805.296875,29798.16015625,26805.865234375,19861.099609375,14595.888671875,10222.8017578125,5835.2978515625,4206.06005859375,2940.642578125,1813.997802734375,18962.88671875,72980.4609375,89347.296875,97892.890625,88994.1953125,73891.8828125,61059.546875,61177.8515625,62588.08203125,50468.41015625,40068.921875,30417.271484375,25346.24609375,17869.474609375,12424.20703125,8022.38134765625,4660.49462890625,2341.2861328125,1238.1087646484375,724.3689575195312,1646554.848083496,182841.26953125,1020796.03515625,69025.5355834961,99.32181773816772,24.673568121392012,17.911635942361695,6.761932179030317,11.104474882453367,4.1921188148599
Migori,2023,19499.49609375,75100.25,94917.2265625,99245.40625,82578.609375,64122.234375,49537.28125,42921.640625,29802.47265625,25233.34765625,21135.9140625,16678.75,14471.2138671875,11226.97265625,7732.33984375,4680.951171875,3185.498046875,1962.181640625,996.9703979492188,611.2615966796875,19360.44921875,74501.34375,94275.6171875,97218.625,78685.2578125,55475.625,42091.0625,37539.96484375,31443.578125,24587.783203125,18325.4453125,13594.4912109375,10915.0244140625,8302.1748046875,5338.4365234375,3358.28271484375,2066.56201171875,1008.013427734375,509.62652587890625,316.7947082519531,1284554.1764221191,188461.5390625,678668.84375,31766.91860961914,92.98031089473685,32.45006157277558,27.76929290302344,4.680768669752145,14.671357777016746,2.472991734618764
Mombasa,2023,17508.71484375,67440.796875,71753.015625,63896.6171875,64861.8828125,87285.1875,82299.5078125,65697.640625,54217.8203125,38998.62890625,27085.1328125,18579.24609375,12588.861328125,8374.2880859375,4938.671875,2657.544677734375,1460.064697265625,800.442626953125,411.50604248046875,277.80499267578125,17966.998046875,69147.6875,70888.234375,61800.7734375,55930.9453125,78475.1796875,82122.734375,71260.828125,60492.82421875,48637.796875,37302.421875,26171.015625,16994.525390625,9632.5048828125,5083.7197265625,2496.87255859375,1306.266357421875,468.79248046875,169.3162384033203,86.16410064697266,1407568.9769210815,172064.197265625,947008.97265625,20157.166374206543,103.66097577467215,20.297734149305153,18.169225660344583,2.1285084889605677,12.22421068429616,1.4320553169833539
Murang'a,2023,11804.65234375,45469.6484375,55964.9453125,57433.7265625,54925.6484375,38778.84375,33414.84375,35307.6796875,40205.8125,34545.62890625,32141.13671875,29362.12109375,24581.97265625,16605.48046875,13685.888671875,9713.7158203125,7704.10791015625,5441.6005859375,2722.73583984375,1268.5498046875,12067.908203125,46444.484375,56934.6796875,58875.34375,58518.6328125,42518.359375,33638.8203125,36943.56640625,39714.3984375,35038.3359375,31249.2890625,26639.900390625,22287.646484375,14900.30078125,11537.2841796875,8292.208984375,4968.345703125,2344.3046875,1117.3001708984375,575.419189453125,1095685.2681884766,115786.693359375,681318.41796875,69371.46154785156,98.82553801007363,27.176449369921365,16.99450511033826,10.181944259583105,10.567513931332488,6.33133104568843
Nairobi,2023,67297.1953125,259218.125,257596.15625,228987.078125,252255.65625,384363.28125,363369.46875,283778.6875,227902.1875,150386.53125,100551.6875,70454.984375,42275.08984375,23402.794921875,13046.2587890625,6862.5791015625,3963.53515625,2259.6181640625,1138.9517822265625,702.6321411132812,68621.4140625,264095.96875,255269.0625,216209.53125,201287.6875,324638.53125,353191.9375,309328.6875,250334.140625,180635.8125,130935.375,93130.265625,58304.984375,29338.6796875,14656.4638671875,7236.99560546875,3443.99755859375,1273.4129638671875,499.35040283203125,256.9586486816406,5502501.756134033,659232.703125,3829866.470703125,55340.7541809082,100.83497532104448,18.657920916358208,17.212942230959072,1.4449786853991333,11.980599595267845,1.0057380557710116
Nakuru,2023,32915.08984375,126783.703125,147857.734375,152659.078125,143959.09375,127491.6171875,107831.421875,97747.828125,84622.7109375,65168.8046875,54655.5859375,43570.84765625,31913.43359375,20247.35546875,13818.21484375,8719.369140625,6376.1142578125,4032.20068359375,1932.6680908203125,1037.862548828125,33793.03125,130055.671875,151473.46875,153024.0,143182.109375,129623.84375,103213.53125,95703.4296875,85818.046875,69302.9765625,56532.203125,43312.3828125,31588.056640625,19313.220703125,12902.765625,7996.3515625,4686.4375,2160.3779296875,996.9236450195312,533.1124877929688,2548552.6756591797,323547.49609375,1554798.5,65192.39831542969,100.14695258723646,25.00259000823449,20.809609482756127,4.192980525478362,12.695342701129961,2.558016514160052
Nandi,2023,11946.78515625,46017.125,59889.0390625,65107.5859375,61661.75,45353.76953125,36916.9765625,35165.10546875,26335.92578125,23213.21875,20388.0390625,15884.927734375,13041.66796875,8954.173828125,6397.31689453125,3743.169189453125,2863.76708984375,1918.7257080078125,929.9495849609375,502.416259765625,12151.16796875,46764.91796875,60882.18359375,65607.46875,61783.12890625,45938.1640625,34683.453125,33588.7734375,29360.431640625,24519.0390625,20394.115234375,15039.5771484375,12129.703125,8587.455078125,5534.1181640625,3379.68017578125,2455.7333984375,1232.243896484375,533.60009765625,265.5307922363281,971061.9201965332,116879.99609375,572939.3955078125,29756.251251220703,99.71187610580343,25.593675089317745,20.40006273092042,5.1936123583973295,12.03630722849215,3.064300085539173
Narok,2023,23662.544921875,91143.9140625,114700.859375,103898.3671875,78597.5546875,65698.359375,53150.53515625,44180.984375,32147.3515625,27373.31640625,22840.009765625,17010.98046875,12976.4912109375,9389.80859375,5398.064453125,3749.623779296875,2264.56103515625,1436.865234375,897.7294311523438,598.3557739257812,24063.994140625,92612.0625,117284.125,105686.921875,81830.453125,62196.65625,48874.69921875,43745.703125,35522.2421875,28352.0625,23565.37890625,17194.4453125,12032.5419921875,8496.2548828125,5302.1396484375,3383.009033203125,2127.228271484375,1013.15380859375,484.54119873046875,276.6400146484375,1425160.5298461914,231482.515625,725175.8291015625,26931.911682128906,100.41174365297914,35.634727046443984,31.920881300165394,3.713845746278594,16.242557296333658,1.8897458298985796
Nyamira,2023,6759.8671875,26037.9375,37508.5234375,44356.61328125,37050.609375,24705.33984375,23728.623046875,25097.796875,17511.86328125,15721.2509765625,14279.9404296875,9463.783203125,10952.259765625,8236.4453125,5163.7080078125,3243.00439453125,1904.225341796875,1248.491943359375,769.3218994140625,494.4150390625,6796.23583984375,26155.955078125,38014.46484375,44668.21875,36273.609375,21592.29296875,18007.125,18610.236328125,16938.4609375,14750.6865234375,12034.486328125,9469.5712890625,10360.416015625,7523.4814453125,4301.2802734375,2749.681640625,1598.21044921875,761.0064697265625,394.4890441894531,248.30609130859375,605482.2348327637,65749.99560546875,352308.2783203125,22876.140594482422,92.68513146982575,25.155848344663035,18.66263146552861,6.493216879134425,10.859112261754325,3.7781687518546097
Nyandarua,2023,7378.2490234375,28419.84375,36003.47265625,39461.80078125,38883.328125,25073.36328125,20263.126953125,21542.962890625,23531.34765625,19983.00390625,18746.666015625,17075.248046875,12607.6943359375,7467.39111328125,5374.056640625,3932.72607421875,3423.15185546875,1976.008056640625,783.4737548828125,388.81976318359375,7582.4677734375,29181.845703125,37038.7578125,41168.4453125,40912.96484375,26812.310546875,19741.751953125,20414.439453125,21377.876953125,18380.94140625,16702.984375,15107.353515625,11667.451171875,6912.0478515625,4552.4248046875,3106.16015625,2064.21630859375,1017.9447631835938,489.6680603027344,283.074462890625,656830.861907959,72562.40625,403204.25439453125,27391.724700927734,97.65265178914866,24.78994947635737,17.99643864347682,6.793510832880551,11.047350308604727,4.1702858817200505
Nyeri,2023,7653.20703125,29478.9375,36116.4609375,36740.4375,37980.15625,30200.798828125,25247.140625,27063.978515625,30949.48828125,26388.853515625,24260.552734375,24220.447265625,18012.47265625,11439.7548828125,8536.3232421875,6593.7431640625,5218.5869140625,3396.13427734375,1690.3614501953125,902.0513305664062,7905.619140625,30425.521484375,36673.5078125,37724.703125,39310.7265625,32512.69140625,25189.484375,27171.859375,29383.251953125,25677.5625,23369.046875,21807.546875,17124.4296875,10263.03515625,7320.64208984375,5535.93408203125,3342.1982421875,1565.4447021484375,778.68603515625,448.02301025390625,775619.8013916016,75463.28515625,507573.2783203125,45328.12854003906,97.81683417551342,23.797827595656372,14.86746611365692,8.930361481999451,9.729417044388923,5.844116983438566
Samburu,2023,6270.0576171875,24151.26171875,29896.216796875,26676.2734375,20729.166015625,17873.568359375,13439.4833984375,10449.00390625,7437.16455078125,6022.2880859375,5570.63427734375,4060.865478515625,2758.349609375,2891.5068359375,1676.6090087890625,1310.206298828125,727.147216796875,428.82879638671875,294.1380920410156,223.29473876953125,6371.146484375,24519.962890625,30644.46875,28358.75390625,24401.92578125,18284.76171875,13417.470703125,10132.876953125,7163.5830078125,6721.11279296875,5232.93017578125,3681.947998046875,2727.779296875,2528.00244140625,1275.7130126953125,1111.322265625,687.1839599609375,309.33148193359375,170.704345703125,116.13516998291016,370743.17737579346,61312.4287109375,185524.42138671875,8330.614387512207,102.71811245840996,37.53847745644299,33.04817136884315,4.490306087599837,16.537709242533104,2.2470040976824537
Siaya,2023,14100.970703125,54314.6953125,73638.6640625,80382.1484375,68617.4921875,48405.4296875,39783.875,37508.6875,29840.23046875,24986.103515625,20175.791015625,20664.169921875,18442.443359375,15985.58203125,12150.087890625,7850.701171875,5439.50634765625,3409.154296875,1684.170166015625,870.2708740234375,14204.279296875,54666.5078125,73374.7734375,80288.546875,67738.40625,43647.78515625,32723.2734375,32680.26171875,29827.50390625,23552.005859375,17012.630859375,14603.462890625,12382.875,10205.2734375,7615.70703125,5137.85693359375,3125.992431640625,1532.74755859375,775.5191040039062,447.7402648925781,1103793.32321167,137286.453125,608783.283203125,50039.45407104492,90.88508277850335,30.770540578976814,22.55095645903164,8.219584119945175,12.437695557492798,4.533407932333457
TaitaTaveta,2023,4476.6796875,17242.6953125,19846.9296875,21006.1484375,19852.677734375,16111.8623046875,13864.529296875,12521.734375,12519.4453125,10260.7041015625,9280.7509765625,7795.4697265625,6694.14501953125,5056.26171875,3548.635986328125,2221.1015625,1453.206787109375,983.6411743164062,584.7193603515625,391.20159912109375,4524.3427734375,17411.51953125,20028.5859375,21210.2734375,20293.421875,17492.359375,15040.361328125,14468.669921875,14277.638671875,11829.779296875,10173.6455078125,8572.626953125,6506.6513671875,4794.201171875,3238.706787109375,1846.53857421875,1155.22607421875,539.805908203125,238.87960815429688,128.80694580078125,379484.5812072754,43655.2373046875,237406.93603515625,16330.47036743164,104.33977203586629,25.267040918819745,18.388357995666496,6.878682923153246,11.503823730019457,4.303329087964156
TanaRiver,2023,11502.271484375,44304.91796875,53658.13671875,47937.875,37718.01171875,31510.56640625,25678.44140625,19432.73828125,16729.033203125,12831.849609375,10340.419921875,8597.1845703125,6025.8642578125,5555.7265625,3105.896484375,2200.9208984375,1049.8651123046875,606.067138671875,509.04620361328125,474.34649658203125,12297.1611328125,47326.78125,58026.59765625,51800.19140625,40301.75,32267.818359375,23685.771484375,18989.13671875,16795.298828125,14177.8837890625,10889.916015625,9392.16015625,6803.951171875,5811.7265625,2911.205078125,2053.123779296875,1174.430419921875,550.242431640625,345.649658203125,249.6447296142578,695619.6200714111,115431.1318359375,353535.2490234375,15230.438430786133,104.73299585649238,36.95856937254408,32.65052980001013,4.30803957253395,16.594001736766355,2.1894779835598372
Tharaka-Nithi,2023,3718.963623046875,14324.8583984375,18282.638671875,20351.3671875,19802.2890625,14290.46875,11779.2705078125,11954.71875,12048.7412109375,9793.46875,9575.845703125,7010.56884765625,6501.126953125,4861.17333984375,3758.870849609375,2639.755859375,1632.54638671875,1168.2203369140625,777.509033203125,508.5093688964844,3732.37548828125,14364.400390625,18490.96484375,20415.140625,19478.83203125,14391.76171875,11570.8955078125,11718.6396484375,11719.1171875,9939.5166015625,9027.6494140625,7054.18310546875,6277.5234375,4670.6025390625,3147.4677734375,2045.9088134765625,1280.54248046875,659.869384765625,349.0058288574219,213.08984375,345328.39825439453,36140.597900390625,213466.39306640625,18181.295959472656,97.57786769262619,25.447515685977105,16.930345513051236,8.517170172925873,10.465573663526733,5.2649292822071825
TransNzoia,2023,14679.765625,56543.78515625,74605.921875,77936.453125,70457.25,48766.50390625,38798.0703125,35099.0703125,28747.427734375,25953.7265625,20318.66015625,17584.51171875,14414.4345703125,10017.9755859375,6381.65185546875,3785.81787109375,2678.43017578125,1673.8206787109375,811.185302734375,441.9751892089844,15022.041015625,57813.34765625,75084.9921875,78060.765625,71139.765625,48001.61328125,35422.04296875,33160.609375,29451.658203125,25087.41796875,19601.419921875,15780.14453125,12815.619140625,9313.7490234375,5664.771484375,3377.02734375,2082.373046875,997.353759765625,473.07708740234375,260.45843505859375,1088306.685394287,144058.939453125,609931.6708984375,28627.94223022461,97.98321595841692,28.312496288146427,23.618865247794766,4.693631040351662,13.236980107398063,2.6305032041453345
Turkana,2023,15072.310546875,58055.9765625,75271.9765625,71350.5859375,61530.84375,48536.5078125,40126.6875,30527.03125,25781.3828125,19463.8671875,14407.87109375,11255.0751953125,7703.0517578125,7010.5380859375,4599.2890625,3316.10888671875,1834.8017578125,905.9029541015625,463.3753662109375,319.436279296875,15378.3740234375,59184.8828125,78584.671875,78837.296875,76101.25,60673.7890625,43965.546875,31243.265625,24048.328125,19607.2578125,14021.2421875,11307.6875,6866.35595703125,5798.009765625,3376.568115234375,2493.53759765625,1452.848388671875,562.8584594726562,251.5672149658203,166.1937255859375,1031454.1523590088,147691.5439453125,559975.5893554688,19742.48780822754,107.31387453749774,29.90023760611715,26.37463967229452,3.525597933822637,14.31876963290433,1.9140441446742997
UasinGishu,2023,16786.431640625,64658.6640625,76993.21875,81593.0859375,81265.8359375,76101.7734375,60751.3046875,51681.078125,42590.18359375,33549.95703125,27515.578125,19939.1875,15578.5078125,10038.05078125,6680.51953125,3798.46875,3002.453125,1961.4493408203125,896.6953735351562,466.0195617675781,17017.42578125,65493.1640625,78563.890625,80362.4921875,78051.796875,75709.2265625,60944.0625,52448.08984375,45447.33984375,35979.6875,28913.5703125,20806.58984375,15349.802734375,9741.58984375,6014.28564453125,3516.365234375,2354.607421875,1142.505859375,500.03515625,253.58828735351562,1354458.5792236328,163955.685546875,842403.212890625,30586.993286132812,100.40862015169083,23.093772181311305,19.462851403934817,3.6309207773764904,12.10488737432291,2.25824501061266
Vihiga,2023,6804.95068359375,26211.58984375,37619.5859375,42432.01171875,38558.32421875,22484.37890625,17508.76953125,17376.73046875,16338.671875,14690.677734375,12637.458984375,12858.3896484375,11551.3642578125,9857.998046875,7256.64697265625,4458.49609375,3461.42138671875,2276.208740234375,1083.0201416015625,553.1502685546875,6747.2822265625,25967.55078125,37272.3203125,41690.4375,38195.625,22565.3203125,14992.115234375,15079.505859375,14872.2021484375,13077.1767578125,11247.2568359375,10176.388671875,9011.900390625,7898.3515625,5855.5859375,3897.88330078125,2472.50634765625,1194.983642578125,568.7554931640625,309.3604736328125,589112.3542480469,65731.37353515625,330978.6064453125,33388.018798828125,92.50789221348235,29.947371341767326,19.859704601788824,10.0876667399785,11.157697349439719,5.66751292144351
Wajir,2023,14144.4609375,54482.21875,71076.03125,63018.5625,49339.4453125,35503.08203125,31370.388671875,24774.859375,20769.552734375,15503.845703125,7880.29833984375,6825.171875,3786.530517578125,3132.07958984375,1422.729736328125,1186.15283203125,495.83978271484375,275.20501708984375,268.77789306640625,342.1578369140625,14276.5888671875,54944.7890625,74699.546875,76893.609375,64903.0625,40054.7421875,30738.4375,26553.001953125,20167.4609375,19685.28515625,11143.087890625,11542.37890625,5824.11572265625,5612.18017578125,2249.449462890625,1756.6243896484375,952.904052734375,395.4783630371094,241.47314453125,211.02398681640625,868442.6311950684,137848.0576171875,435109.0070800781,9797.816497802734,114.1144521975765,33.93307693302181,31.6812696069557,2.2518073260661158,15.87301828187477,1.1282053812028907
WestPokot,2023,13856.7412109375,53372.0078125,61060.546875,54162.59375,42642.734375,34083.66015625,25709.400390625,20567.703125,14977.728515625,12689.0712890625,11234.60546875,8490.982421875,5836.43701171875,5407.841796875,4098.24072265625,2606.082275390625,1439.0047607421875,805.3750610351562,453.0782470703125,326.3288879394531,14050.9814453125,54074.546875,61244.296875,54202.609375,43212.01953125,32618.3359375,24842.927734375,20730.0234375,15163.6943359375,12620.05859375,11158.74609375,8123.216796875,5631.64111328125,4419.21533203125,3105.123779296875,2068.6953125,1139.317626953125,457.43682861328125,200.11599731445312,117.20477294921875,743000.3719482422,135354.27734375,360160.04345703125,16816.004272460938,98.75877312012759,42.25073946448631,37.581702857579316,4.669036606906997,18.21725566419755,2.263256507983599
Baringo,2024,10437.28125,40043.90234375,49746.78515625,50150.91015625,44502.62109375,34365.3984375,26116.837890625,20745.244140625,17276.24609375,14230.9921875,12951.8408203125,10781.748046875,7952.89306640625,6260.724609375,4587.2578125,3023.73486328125,1817.2523193359375,1151.1463623046875,724.2949829101562,529.3306274414062,10951.853515625,41999.51953125,52100.84765625,52718.421875,47525.4609375,36065.0390625,25482.55859375,20900.310546875,17744.66015625,14462.0,12330.87109375,9693.2646484375,7597.490234375,6047.73046875,4157.09619140625,2704.078125,1569.456787109375,685.0579833984375,333.16046142578125,207.41664123535156,722672.7367706299,103432.556640625,393033.93212890625,21489.283157348633,102.20479314211994,31.783983413676886,26.316444506552543,5.467538907124343,14.312502932216411,2.9735843161009057
Bomet,2024,12687.86328125,48678.53515625,63297.27734375,68814.375,64541.953125,48889.203125,39244.0390625,35923.4765625,22487.46875,21622.41796875,20094.72265625,12956.2158203125,11946.6640625,8439.154296875,5817.412109375,3671.35009765625,2638.4326171875,1872.3380126953125,1070.7462158203125,587.6094970703125,13130.296875,50353.6796875,65818.9375,68649.9609375,65145.12890625,46934.5546875,35798.8828125,32515.45703125,27769.857421875,22638.59375,19751.375,12610.203125,10551.802734375,7875.16943359375,5059.4423828125,3155.8525390625,1932.6434326171875,918.6944580078125,461.5473327636719,271.18804931640625,986624.522857666,124850.375,567736.3403320312,27457.256744384766,99.20489890825351,26.8271767939516,21.99090777366538,4.8362690202862195,12.6542947299123,2.7829489444330227
Bungoma,2024,29340.32421875,112566.7734375,153167.1875,163054.171875,147566.640625,97334.09375,75578.7109375,69121.109375,54464.953125,50716.60546875,40723.609375,36515.82421875,31500.712890625,22830.880859375,14869.7958984375,8489.3125,6176.4248046875,3748.61376953125,1739.2498779296875,920.4054565429688,29302.61328125,112372.0703125,153906.203125,160594.90625,147523.5625,93533.1171875,65713.359375,60349.90625,53036.921875,45460.328125,37902.1484375,30154.869140625,26755.609375,19567.0703125,11648.5791015625,6426.8505859375,4541.091796875,2165.2705078125,949.4015502929688,523.03564453125,2182852.3146972656,283581.78125,1206350.033203125,62198.031494140625,94.82352995287434,28.663306936380568,23.50742101751578,5.155885918864788,12.991340703199578,2.849392561986802
Busia,2024,13132.7470703125,50383.171875,67458.703125,73353.40625,69340.453125,46594.93359375,36326.50390625,32400.55859375,25609.48046875,22818.8515625,18002.529296875,18294.185546875,15460.6591796875,11630.94921875,7830.3466796875,4844.9755859375,3301.005859375,2010.888671875,1028.2296142578125,588.4176025390625,13062.24609375,50089.99609375,65891.828125,71316.6484375,67332.5625,43381.12109375,29629.8203125,27082.0390625,24752.55078125,20617.3671875,15733.060546875,13808.556640625,11889.208984375,8802.140625,5537.6748046875,3448.08447265625,2378.82177734375,1122.695068359375,512.5953369140625,285.06317138671875,997085.0779418945,126668.1611328125,559507.5322265625,32888.79864501953,91.59569725136721,28.517392633281354,22.639223573762454,5.878169059518899,12.70384683664819,3.2984947195184215
Elgeyo-Marakwet,2024,6266.0498046875,24040.466796875,29948.326171875,30588.04296875,28738.5859375,21806.076171875,16664.87109375,14036.3564453125,11355.908203125,9715.146484375,8941.037109375,6489.607421875,5739.59130859375,4291.5224609375,3104.435546875,2099.07666015625,1442.1864013671875,895.088623046875,473.90802001953125,284.71051025390625,6351.486328125,24357.458984375,30840.05859375,30409.640625,28975.763671875,23319.828125,16823.7890625,13940.8984375,12177.9423828125,10061.92578125,8908.392578125,5993.4931640625,5448.541015625,4035.7958984375,2916.7021484375,1698.71630859375,1155.0799560546875,521.1132202148438,216.76339721679688,118.6004638671875,455192.98428344727,61015.4619140625,257465.07275390625,14926.381256103516,100.59535963488686,29.495978758545544,23.698539480103822,5.797439278441721,13.404306309797684,3.2791325375104865
Embu,2024,7096.30224609375,27225.83203125,32200.900390625,35725.52734375,37222.4375,29934.25390625,24549.41796875,24894.0,26579.556640625,21796.279296875,19056.359375,17403.4609375,14308.1416015625,9300.216796875,7281.470703125,4703.93603515625,2971.73779296875,2275.754150390625,1580.497802734375,973.7260131835938,7315.9736328125,28056.197265625,32636.67578125,36161.53515625,38091.203125,32642.013671875,26907.091796875,26210.38671875,27407.72265625,22800.04296875,18915.88671875,16006.85546875,13425.673828125,8584.041015625,6393.392578125,3350.017822265625,2215.587890625,1219.7469482421875,613.565673828125,324.0647277832031,696357.4839782715,69694.30517578125,456035.0419921875,33903.498138427734,100.63324539740105,22.71707078948195,15.282664435461346,7.434406354020608,10.008409011075686,4.868691572716067
Garissa,2024,15902.1455078125,61009.8203125,82612.4375,74242.640625,64724.2265625,49410.609375,41553.05078125,30146.1328125,29348.193359375,22556.212890625,12561.2001953125,12207.8818359375,4913.0283203125,6309.552734375,2188.017333984375,2706.3544921875,1033.40625,655.8118286132812,1107.516845703125,1233.9951171875,17648.56640625,67680.109375,94921.03125,94371.09375,80646.421875,58116.11328125,36281.1875,28788.123046875,24428.3828125,25702.244140625,15730.1123046875,17442.365234375,7904.876953125,9068.71875,3043.354248046875,3277.56396484375,1470.7471923828125,748.0615234375,854.6661987304688,700.8165283203125,1105246.791015625,162240.6416015625,577838.634765625,19020.3115234375,114.01998535173699,31.368783985605358,28.07715369661434,3.2916302889910187,14.679132563006817,1.7209108117798289
HomaBay,2024,17265.2890625,66240.3984375,84731.828125,91063.34375,77955.9296875,57425.04296875,45602.578125,42970.484375,30348.91015625,26410.42578125,21259.689453125,17569.3515625,16980.60546875,14071.4140625,10198.251953125,6502.93408203125,4070.835693359375,2394.240966796875,1251.8388671875,732.3760986328125,17455.720703125,66941.3515625,84195.453125,90564.734375,76630.734375,51073.65625,36707.85546875,33946.90234375,31209.44140625,24712.71484375,16828.654296875,13064.134765625,11833.3203125,9792.4501953125,6866.205078125,4326.7822265625,2662.963134765625,1221.7064208984375,598.0777587890625,373.2579650878906,1216051.8852844238,167902.759765625,656394.2958984375,41199.47024536133,91.49043191301092,31.856192431529035,25.579558020961873,6.276634410567156,13.807203606806137,3.38796976871798
Isiolo,2024,6384.69091796875,24495.650390625,29202.23046875,26659.71875,22990.09375,18663.845703125,14966.5556640625,12700.4208984375,10227.001953125,7173.470703125,5499.74755859375,4567.22509765625,3930.4423828125,3084.1328125,1723.108154296875,1294.697998046875,658.5103149414062,427.9183044433594,356.0903015136719,298.7033386230469,6533.5283203125,25055.576171875,30842.3046875,29682.23046875,27408.42578125,20725.82421875,16210.48828125,14291.7177734375,11518.484375,9002.9072265625,6225.8369140625,5447.28759765625,4022.58837890625,3786.1484375,1874.2603759765625,1320.2144775390625,784.9258422851562,358.8919982910156,211.02468872070312,148.6438751220703,410755.56535339355,62469.44580078125,222442.6455078125,9456.989669799805,110.31572731499128,32.334822896203555,28.083394556907137,4.251428339296416,15.20842346884227,2.302339996699371
Kajiado,2024,21643.658203125,83032.0234375,91373.296875,82304.4375,74482.5,89889.484375,81413.53125,64768.0546875,52683.4765625,37587.5859375,28278.95703125,21720.90234375,13922.6865234375,9468.958984375,5451.54638671875,3393.57421875,2026.468505859375,1235.072509765625,742.2401123046875,498.3294677734375,22198.814453125,85123.6875,92757.8046875,79251.96875,69105.1328125,80563.21875,79127.5859375,68344.578125,58071.89453125,41705.48046875,32826.59375,24662.408203125,15386.3671875,9443.400390625,5260.71337890625,3083.66943359375,1852.591064453125,795.9755859375,359.9222412109375,203.918212890625,1536042.5103759766,211998.18359375,953452.7978515625,24904.021118164062,100.5495297445715,24.846768004219122,22.234785410609785,2.61198259360934,13.801583104744886,1.6213106701108366
Kakamega,2024,21356.0390625,81935.0546875,115220.8359375,125505.890625,114535.40625,73525.6953125,58443.0703125,56643.375,44846.8125,41362.703125,33265.94921875,32094.837890625,26908.6953125,21353.87890625,14478.5927734375,8346.17578125,6313.4326171875,3593.86669921875,1497.4017333984375,727.4691162109375,21249.083984375,81488.59375,114786.4921875,122257.1875,112036.6328125,69909.4375,47732.125,46232.72265625,42840.12890625,37025.1640625,29637.892578125,25457.8046875,22042.01171875,17214.484375,11216.931640625,6724.6494140625,4462.892578125,2017.5576171875,878.2625122070312,465.5111083984375,1697630.7494506836,206028.771484375,953108.828125,60722.743591308594,92.48492241329751,27.987519074862583,21.61650017340458,6.371018901458,12.136253513965945,3.576911151671655
Kericho,2024,12343.1904296875,47356.1640625,60541.7578125,65333.37109375,61871.046875,49598.453125,41442.71484375,37580.796875,25356.23046875,22808.48046875,20294.541015625,14016.6162109375,12872.861328125,9218.3125,6015.4658203125,3535.646484375,2303.28515625,1603.981201171875,990.8805541992188,637.7210693359375,12675.4638671875,48609.4296875,61887.76953125,65013.125,61887.625,48843.8984375,39654.1875,36259.44140625,30719.171875,25274.18359375,21169.125,13930.4912109375,11937.8359375,8530.05859375,5838.86962890625,3596.707275390625,1990.86962890625,883.406494140625,439.50439453125,271.68060302734375,995134.3620605469,120984.248046875,593266.072265625,28108.018310546875,100.74463728948169,25.130758916998765,20.392915371824316,4.737843545174446,12.157579183213247,2.824545044585316
Kiambu,2024,35698.484375,136961.625,141051.21875,132026.390625,145931.34375,187978.296875,165145.34375,138410.9375,129972.84375,94525.9609375,73750.453125,59045.48828125,39628.00390625,23822.708984375,16542.83984375,10477.6162109375,7733.23974609375,5071.068359375,2583.80126953125,1389.2242431640625,36460.79296875,139824.34375,141546.390625,129100.3046875,129644.28125,170119.65625,161317.75,141197.90625,126828.90625,97844.390625,77691.2421875,60997.265625,41790.84765625,23695.56640625,14775.3896484375,8873.77734375,5149.96044921875,2173.599365234375,957.8751220703125,526.8192138671875,3058263.9549560547,348945.24609375,2089339.193359375,76255.21081542969,97.59457932907468,20.35095394087328,16.70122530620283,3.6497286346704487,11.409912657416914,2.4934149549732187
Kilifi,2024,24175.93359375,92753.9296875,112566.8125,113220.59375,106284.484375,85432.546875,70598.65625,59686.6640625,43632.2421875,43379.796875,29726.294921875,25868.390625,20384.974609375,21517.681640625,12516.12109375,7513.423828125,4803.9267578125,2712.174072265625,1378.889404296875,750.3516845703125,24578.96875,94258.4609375,114150.0078125,112389.9765625,105755.546875,81665.921875,62366.50390625,48942.33984375,41420.1171875,36969.515625,30426.8046875,24404.13671875,18445.072265625,13822.9345703125,10037.001953125,5327.79638671875,3740.8505859375,1544.003173828125,541.9638671875,254.8114013671875,1709946.6237792969,235767.29296875,970730.6259765625,51121.314208984375,94.5544496481555,29.553884414548293,24.287612511613744,5.266271902934549,13.787991372950628,2.9896438577712363
Kirinyaga,2024,9030.3037109375,34645.859375,40567.94140625,43568.8359375,46231.1484375,36415.83984375,31919.044921875,36559.625,43216.83984375,35840.625,30640.220703125,28105.2890625,21901.65234375,13338.4462890625,10376.13671875,7059.81005859375,4274.77294921875,3234.7587890625,2322.5703125,1432.0489501953125,9079.884765625,34820.66015625,40777.8515625,43432.67578125,46786.23046875,38428.09375,32208.671875,36729.2890625,42390.0859375,35903.98046875,30392.685546875,27362.52734375,21387.80859375,12923.1904296875,8871.392578125,5158.583984375,3115.9912109375,1514.02685546875,755.63623046875,440.7439270019531,953161.7801818848,87576.7080078125,648681.294921875,48556.472564697266,98.29372369776553,20.986142445945692,13.50072966391916,7.4854127820265335,9.188021365176947,5.094252998208929
Kisii,2024,15656.83984375,60069.3828125,84975.6171875,96266.171875,84662.484375,61211.33984375,54442.8671875,53777.21875,37168.3515625,31216.05859375,30951.974609375,19084.6484375,23699.12109375,18161.44140625,11535.486328125,6555.7197265625,3885.90283203125,2561.693359375,1563.310546875,993.2313232421875,15779.71875,60514.0078125,85259.2109375,95924.296875,82130.203125,53053.5625,42929.203125,41389.7578125,36245.46875,30569.0,24403.17578125,18714.6796875,20696.681640625,15022.2109375,9012.5546875,5168.02099609375,3176.49755859375,1488.9832763671875,724.4710693359375,440.59686279296875,1341081.1638793945,152019.94921875,779529.44921875,47106.46856689453,92.01124642836726,25.544438120357153,19.501501754822154,6.042936365535,11.335626307582782,3.512574021293978
Kisumu,2024,16828.310546875,64563.8828125,79949.1640625,89060.40625,84241.9765625,71892.796875,59513.2578125,51317.2109375,38586.5390625,29809.7265625,21313.78515625,20243.4921875,17867.50390625,14504.947265625,10051.1552734375,5951.72412109375,3878.57275390625,2258.921630859375,1099.2265625,600.783447265625,16784.8515625,64368.6171875,79934.75,87088.3125,78956.8125,63937.7890625,52491.828125,48304.06640625,43488.5703125,33312.453125,22551.375,17495.33984375,14233.6884765625,11053.6142578125,7554.4619140625,4580.61181640625,2690.70849609375,1154.969482421875,524.3639526367188,301.2891845703125,1334341.856994629,162545.662109375,795116.7734375,40646.788635253906,95.21239030022343,25.555045187409924,20.442992468470656,5.112052718939268,12.181710500746833,3.0462050202639728
Kitui,2024,13906.9169921875,53355.5859375,72184.015625,86584.2578125,83977.125,50031.2421875,38510.75390625,38679.6171875,37760.640625,32549.482421875,30802.015625,23879.77734375,18811.63671875,15110.69921875,12416.2021484375,9159.974609375,5375.11669921875,3646.388916015625,2579.647705078125,1888.9661865234375,14205.7119140625,54477.80859375,73867.1640625,87701.421875,85774.9921875,50664.76953125,34547.0859375,32561.4296875,31439.177734375,27657.0,25143.7578125,19976.94921875,16165.296875,12567.810546875,9509.69140625,5857.4306640625,4225.3876953125,2294.689453125,1182.851318359375,736.5805053710938,1221767.069885254,135946.0234375,706611.259765625,58872.927307128906,93.55950447580481,27.570881167283996,19.239153290961113,8.331727876322887,11.127000128614352,4.818670330725
Kwale,2024,16014.5966796875,61441.609375,73083.1640625,69702.0234375,60853.3125,47395.96875,40753.640625,34384.515625,28161.59375,25519.125,18375.08984375,12732.57421875,10852.4892578125,11584.640625,7399.9638671875,4558.392578125,2352.016845703125,1355.623291015625,836.6195068359375,536.1036376953125,16306.490234375,62533.74609375,75013.3125,70188.2421875,61145.8046875,42743.71875,34791.828125,29564.955078125,26079.119140625,23410.669921875,19059.369140625,14967.1474609375,11275.5703125,9100.650390625,6505.12841796875,3535.35595703125,2329.2939453125,1007.60302734375,391.6395263671875,186.72312927246094,1038029.4315032959,156296.4423828125,562751.783203125,30994.4637298584,96.63630824529342,33.281263907620236,27.773602331953406,5.507661575666827,15.057033802640907,2.9858945025259613
Laikipia,2024,7783.775390625,29863.408203125,34753.5703125,34835.83203125,33311.50390625,26114.533203125,21578.359375,20709.94140625,19548.888671875,16315.1943359375,13970.98046875,12683.8291015625,9732.39453125,6599.1142578125,4837.70263671875,3202.13818359375,2249.187255859375,1282.84228515625,591.8070678710938,334.29754638671875,8027.408203125,30784.490234375,35592.9921875,36111.2578125,34957.7890625,26410.662109375,21374.59375,20496.9609375,20138.486328125,16885.765625,14020.26171875,12256.298828125,9400.0126953125,5971.49853515625,4116.203125,2828.607421875,1869.751953125,802.8433837890625,336.5780944824219,176.31231689453125,602858.0744934082,76459.08203125,362477.06884765625,22628.271270751953,100.75240739832742,27.336171531349173,21.093494900055216,6.24267663129396,12.682766519383499,3.7534989126200013
Lamu,2024,2330.73388671875,8942.14453125,10704.7236328125,10396.5205078125,9443.736328125,7526.98583984375,6187.748046875,5608.15478515625,4992.78515625,4259.99658203125,3531.5126953125,2786.95458984375,2382.001953125,1811.191650390625,1202.5972900390625,721.3506469726562,379.0296936035156,205.52540588378906,117.38632202148438,93.17865753173828,2463.32666015625,9446.66796875,11054.2578125,10832.59765625,10118.1982421875,9496.8681640625,8204.8515625,6910.81884765625,5917.234375,5121.0791015625,4298.33837890625,3368.0625,2617.5478515625,1876.45654296875,1237.973876953125,751.46044921875,447.92620849609375,175.98646545410156,70.79019165039062,38.04582977294922,178072.74688720703,23182.873046875,106460.52319335938,5441.251037597656,112.94388819320109,26.887078163690752,21.77602772510239,5.111050438588359,13.018765337269297,3.0556337972616308
Machakos,2024,18259.083984375,70053.2109375,82546.0234375,89414.6953125,89462.5859375,84237.046875,73990.9609375,67059.25,65443.515625,51891.59375,40176.78125,32779.21875,26630.095703125,21150.58984375,15340.716796875,8728.498046875,6095.9638671875,4524.5712890625,2708.0966796875,1548.393798828125,18708.080078125,71744.046875,85066.859375,90075.71875,89641.5390625,86997.921875,76167.7890625,70597.2890625,67833.75,54487.921875,43967.8984375,33347.6484375,26461.65234375,20371.86328125,12457.30078125,6760.4609375,3985.187255859375,2119.8623046875,1230.170654296875,761.5980224609375,1714825.4512939453,178764.421875,1122696.912109375,66260.82043457031,101.26093310073736,21.824700831251555,15.9227677520845,5.9019330791670574,10.424642446268267,3.8639979587760545
Makueni,2024,10596.150390625,40653.4296875,55306.234375,67907.0,67244.53125,42101.5703125,35126.0390625,34890.00390625,35040.8125,29726.5390625,29028.015625,21660.515625,18291.9921875,15876.716796875,12657.771484375,7515.646484375,5052.3525390625,3759.364501953125,2326.93798828125,1317.513916015625,10901.056640625,41804.7109375,57170.53515625,68732.5,70742.171875,48501.0859375,36352.8359375,34259.81640625,33902.875,28837.46875,26010.48046875,20390.0625,16328.634765625,13585.5087890625,9644.486328125,5606.3916015625,3489.144287109375,1869.6429443359375,1062.6953125,680.5028686523438,1065951.7442016602,103955.34765625,657897.6767578125,54982.450256347656,98.84223601469596,24.158437326585418,15.801142233630108,8.357295092955312,9.752350256165386,5.158061849931726
Mandera,2024,20532.14453125,78758.203125,93393.96875,76427.7734375,60711.7578125,42828.515625,32418.224609375,24444.328125,20014.81640625,15636.857421875,8403.66015625,7308.359375,4113.42626953125,3786.0498046875,1679.6671142578125,1500.489501953125,573.59228515625,320.36962890625,360.5125427246094,443.23577880859375,17794.37109375,68222.40625,84867.6015625,83698.015625,70265.921875,44923.8046875,31343.921875,25292.8046875,17921.634765625,17879.20703125,10276.81640625,9754.873046875,5366.708984375,5342.7919921875,2323.92138671875,1788.4228515625,1013.4744262695312,484.57080078125,338.2821044921875,276.4237365722656,992831.9274902344,185307.125,458034.48095703125,11102.962158203125,101.11819230831792,42.88107016480897,40.45702511584142,2.4240450489675482,18.664500996501516,1.1183123599046763
Marsabit,2024,8796.685546875,33749.55859375,43792.796875,39843.0546875,33612.046875,26023.486328125,20272.3984375,15609.74609375,11679.87890625,9455.8369140625,7474.43408203125,7004.75390625,4719.541015625,4052.088134765625,2325.98828125,2010.120361328125,858.4425048828125,497.2367248535156,479.9795837402344,504.889404296875,9160.939453125,35131.484375,45419.8671875,44665.6640625,42598.50390625,31789.384765625,24531.810546875,18871.845703125,13763.146484375,12034.5322265625,8307.341796875,7866.96826171875,5083.0908203125,4509.05615234375,2393.889404296875,2154.814453125,1068.457275390625,497.86761474609375,399.4739990234375,348.91748046875,583360.0192260742,86838.66796875,309259.8913574219,13540.077087402344,113.8706854701448,32.457731461898916,28.079511891306876,4.378219570592046,14.885947803546118,2.321049890488818
Meru,2024,18923.796875,72603.46875,88209.71875,98109.296875,95879.859375,73572.46875,60431.84375,61099.7421875,62907.85546875,48533.421875,42136.4296875,30715.36328125,27764.1171875,20773.466796875,15426.96875,10652.58203125,6008.1083984375,4205.6123046875,2918.7421875,1760.670654296875,19153.025390625,73450.375,89377.984375,97623.875,91489.84375,76350.921875,62669.8046875,61657.35546875,64258.3984375,52199.4609375,41415.5078125,31391.861328125,26300.927734375,18759.2734375,13153.0078125,8153.689453125,5004.48876953125,2409.810302734375,1196.8363037109375,682.32080078125,1679332.3026123047,184130.666015625,1050307.923828125,71572.83776855469,99.2956884553276,24.345575043573948,17.531112718307607,6.814462325266342,10.964516416983013,4.261981839878786
Migori,2024,19763.0078125,75816.515625,95281.28125,99209.3125,84855.0859375,66126.609375,51099.12890625,43843.52734375,30967.171875,26228.94140625,21907.5546875,17259.82421875,15045.830078125,11783.98828125,8201.1796875,4895.2294921875,3292.56787109375,1969.90771484375,993.410888671875,595.5882568359375,19620.78515625,75236.953125,94632.890625,97281.0,81161.9375,57520.4921875,43354.6796875,37973.0078125,32399.890625,25524.1484375,19011.51171875,14084.458984375,11370.5947265625,8747.796875,5671.36328125,3425.5380859375,2226.90576171875,1041.532470703125,494.611328125,299.54052734375,1310215.3021240234,190437.26171875,700266.1806640625,33107.37536621094,92.92394334513494,31.922809248473705,27.19498199072791,4.727827257745791,14.53480671535642,2.526865265009478
Mombasa,2024,17681.33984375,67836.625,71760.6640625,63636.390625,66407.546875,89687.625,84588.0625,66866.1015625,56131.796875,40387.859375,27966.359375,19150.25390625,13037.5634765625,8757.13671875,5218.3935546875,2767.9765625,1502.775634765625,800.1289672851562,408.29119873046875,269.52978515625,18142.857421875,69576.46875,70891.4375,61609.640625,57481.53125,81072.40625,84282.1171875,71820.15625,62107.5625,50307.37109375,38556.40625,27010.109375,17634.43359375,10111.033203125,5380.9638671875,2536.85302734375,1402.11669921875,482.31304931640625,163.6007080078125,81.12882232666016,1435512.9283218384,173237.291015625,973363.4326171875,21014.07187652588,103.65859858042839,19.956714664105085,17.797801438854464,2.158913225250621,12.067971496303072,1.463872004349833
Murang'a,2024,11906.7958984375,45681.8828125,55904.38671875,57133.140625,56171.7890625,39801.8125,34305.3203125,35894.67578125,41579.171875,35737.8984375,33153.38671875,30236.21875,25435.08203125,17348.525390625,14448.47265625,10109.25,7923.560546875,5435.3603515625,2699.2392578125,1229.6041259765625,12171.455078125,46676.59375,56869.98046875,58625.140625,60073.5703125,43877.65234375,34484.68359375,37190.48828125,40727.6484375,36199.98828125,32264.837890625,27465.4140625,23104.2578125,15625.71484375,12200.251953125,8417.7763671875,5328.8974609375,2410.2607421875,1078.84375,541.3617553710938,1117470.3916625977,116436.7275390625,700678.13671875,71822.87896728516,98.79019290740271,26.868200481887516,16.617719525876947,10.250480956010568,10.419670034015425,6.427273554910521
Nairobi,2024,67948.078125,260691.140625,257573.453125,228007.953125,258223.96875,394876.0,373411.9375,288773.625,235904.203125,155710.28125,103801.0625,72606.2109375,43772.21875,24464.357421875,13780.166015625,7145.0810546875,4077.703125,2257.713134765625,1129.577392578125,681.4467163085938,69280.203125,265684.21875,255230.46875,215498.328125,206827.265625,335314.5,362410.0,311699.15625,256965.4375,186794.40625,135304.84375,96092.609375,60484.46875,30787.376953125,15506.9658203125,7349.7939453125,3694.825927734375,1309.397216796875,482.226806640625,241.80844116210938,5611794.479034424,663603.640625,3934223.9296875,57656.70559692383,100.79153561358865,18.332976442426713,16.867459821426863,1.4655166209998516,11.825159369328524,1.0274201204682099
Nakuru,2024,33277.85546875,127674.578125,148055.5,152228.125,147572.5625,131144.015625,110946.2109375,99594.25,87705.65625,67571.15625,56508.5546875,44971.72265625,33100.3984375,21204.86328125,14624.0390625,9096.689453125,6573.6162109375,4037.323486328125,1920.68798828125,1008.5289306640625,34163.15625,131013.09375,151667.53125,152746.46875,147339.265625,134063.140625,106038.578125,96556.0859375,88202.3046875,71762.4375,58503.84375,44756.796875,32822.0234375,20302.330078125,13678.001953125,8137.7138671875,5039.17822265625,2226.678955078125,964.959716796875,502.7802734375,2599302.703979492,326128.68359375,1600666.197265625,67810.19812011719,100.1285813270246,24.61093277204344,20.374559302299684,4.236373469743756,12.546775837013982,2.608784194942006
Nandi,2024,12083.849609375,46361.17578125,59992.8671875,64948.7109375,63237.109375,46679.171875,38005.40625,35849.359375,27311.20703125,24081.52734375,21089.265625,16403.931640625,13532.59375,9381.4150390625,6773.08349609375,3906.77099609375,2953.767333984375,1921.98681640625,924.5523681640625,488.3932800292969,12289.80078125,47130.44140625,60984.421875,65512.5859375,63603.203125,47538.21875,35653.3203125,33907.49609375,30193.728515625,25403.056640625,21116.22265625,15549.34375,12609.6474609375,9031.1025390625,5868.8916015625,3440.77490234375,2641.580322265625,1270.5657958984375,516.7122192382812,250.536376953125,990437.7961730957,117865.267578125,590176.3271484375,30957.615509033203,99.71477727822649,25.216681225800368,19.9711954133464,5.245485812453968,11.90032004367552,3.1256496499476114
Narok,2024,23996.404296875,92064.796875,115199.40625,103912.40625,80812.3046875,67791.328125,54857.7578125,45155.1953125,33422.78515625,28469.99609375,23686.203125,17612.248046875,13499.3701171875,9863.0859375,5729.638671875,3923.575927734375,2341.779541015625,1443.0201416015625,894.8216552734375,583.1694946289062,24401.810546875,93578.6875,117786.9609375,105807.2109375,84457.71875,64527.51171875,50368.74609375,44272.03515625,36622.109375,29448.02734375,24461.25,17822.3203125,12540.0302734375,8957.9130859375,5637.19287109375,3452.952880859375,2294.036376953125,1047.3388671875,470.4180908203125,261.6921691894531,1453475.25680542,234041.69921875,748647.9365234375,28079.636688232422,100.40767071800556,35.01263051952275,31.26191735805619,3.7507131614665643,16.10221420164717,1.9318964362660291
Nyamira,2024,6835.9462890625,26226.943359375,37565.0234375,44238.640625,37989.32421875,25422.2265625,24423.17578125,25580.80859375,18156.67578125,16306.0546875,14768.162109375,9770.99609375,11362.2607421875,8627.853515625,5466.05859375,3384.153076171875,1963.6669921875,1250.368408203125,764.7312622070312,480.5360107421875,6872.25,26354.55078125,38069.6640625,44593.7578125,37333.9375,22339.556640625,18506.69921875,18782.6484375,17415.25,15278.9609375,12457.716796875,9788.3017578125,10768.119140625,7910.54150390625,4560.52685546875,2798.811279296875,1718.8182373046875,784.5176391601562,381.9234619140625,234.22381591796875,617534.382019043,66289.6904296875,362989.27001953125,23788.33563232422,92.62818503236255,24.81561674182956,18.26216252235794,6.553454219471624,10.734574844715823,3.8521475605208746
Nyandarua,2024,7450.9765625,28586.5859375,36007.875,39302.7578125,39813.83203125,25765.44921875,20827.37890625,21927.39453125,24364.51953125,20697.7734375,19360.892578125,17605.439453125,13061.4462890625,7811.27587890625,5680.6953125,4098.16650390625,3525.17041015625,1976.25439453125,777.7188720703125,377.3918762207031,7656.6728515625,29362.751953125,37041.1328125,41043.2421875,42051.3359375,27702.3828125,20261.697265625,20575.322265625,21949.548828125,19013.3046875,17266.798828125,15594.6416015625,12109.828125,7257.54638671875,4820.0908203125,3157.1787109375,2216.82275390625,1047.923828125,473.42822265625,266.67828369140625,669887.3236999512,73056.9873046875,415017.80859375,28417.519989013672,97.59580864019765,24.450639271972037,17.60333792716858,6.847301344803455,10.905862033808303,4.242134308805364
Nyeri,2024,7713.7470703125,29594.734375,36051.140625,36521.3203125,38813.2734375,30974.091796875,25900.4140625,27493.908203125,31983.802734375,27280.072265625,25006.8671875,24923.9296875,18624.255859375,11942.9345703125,9005.3681640625,6857.2939453125,5363.30126953125,3389.669189453125,1674.49462890625,873.7115478515625,7967.62353515625,30555.22265625,36604.9609375,37537.0078125,40325.79296875,33526.953125,25803.373046875,27333.544921875,30111.353515625,26509.982421875,24111.26953125,22467.544921875,17739.29296875,10754.9462890625,7735.732421875,5615.67138671875,3582.12548828125,1608.29736328125,751.322998046875,421.20135498046875,791051.5505981445,75831.32763671875,521627.603515625,46878.18975830078,97.76865708900058,23.524352731333906,14.537445320308336,8.98690741102557,9.586142341719672,5.926060030203389
Samburu,2024,6357.56640625,24391.5859375,30021.583984375,26676.42578125,21311.0625,18441.048828125,13869.5166015625,10678.359375,7731.599609375,6262.9833984375,5776.37744140625,4204.06689453125,2869.26806640625,3036.9287109375,1779.467529296875,1370.8653564453125,751.8704223632812,430.61700439453125,293.1458435058594,217.59197998046875,6459.6376953125,24772.212890625,30771.37109375,28387.72265625,25183.5625,18968.6328125,13826.9404296875,10254.185546875,7384.91455078125,6980.453125,5431.38232421875,3816.167724609375,2842.71728515625,2665.1796875,1356.2479248046875,1134.22314453125,741.05859375,319.757080078125,165.70989990234375,109.84699249267578,378043.8556289673,61981.0029296875,191535.34741210938,8670.40177154541,102.73499193201707,36.88687527175787,32.36008588865247,4.5267893831054,16.3951885493727,2.29349099117617
Siaya,2024,14267.90234375,54740.5546875,73791.7265625,80214.1484375,70396.78125,49839.4375,40972.7890625,38253.45703125,30957.68359375,25930.783203125,20877.60546875,21347.533203125,19143.833984375,16754.62890625,12868.4501953125,8196.8984375,5612.490234375,3416.209228515625,1675.057373046875,846.3309326171875,14371.44140625,55113.37109375,73522.9375,80200.421875,69758.9453125,45185.71875,33651.765625,33003.23828125,30686.125,24410.4609375,17621.4921875,15104.126953125,12877.673828125,10736.5009765625,8079.31591796875,5232.53173828125,3363.706298828125,1580.9609375,751.2398071289062,422.6061096191406,1125778.8821716309,138493.26953125,627510.5810546875,52045.79721069336,90.77625413863672,30.364279502936046,22.070268408618325,8.29401109431772,12.301995687118954,4.623092334997159
TaitaTaveta,2024,4519.3154296875,17338.33984375,19843.33203125,20914.53125,20319.693359375,16550.908203125,14246.32421875,12741.048828125,12957.6669921875,10623.21484375,9580.7265625,8033.96630859375,6931.5498046875,5285.62353515625,3748.417724609375,2313.068359375,1495.717529296875,983.3338623046875,580.15625,379.5366516113281,4567.107421875,17513.86328125,20023.84375,21138.7734375,20849.466796875,18065.8359375,15431.625,14578.2421875,14654.259765625,12232.044921875,10512.765625,8845.5791015625,6750.5556640625,5031.2236328125,3426.823974609375,1875.7503662109375,1239.7864990234375,555.42333984375,230.882080078125,121.29484558105469,387031.61921691895,43938.6259765625,244222.3212890625,16950.191482543945,104.36075289401339,24.931716780727097,17.991240827064523,6.940475953662578,11.352722567076952,4.3795366168891485
TanaRiver,2024,11668.5546875,44767.84375,53909.4765625,47962.1015625,38796.859375,32528.48828125,26514.857421875,19869.9375,17400.96875,13351.642578125,10727.306640625,8904.34765625,6270.931640625,5838.04296875,3297.82177734375,2303.93115234375,1086.03173828125,608.8873291015625,507.6542663574219,462.5513000488281,12473.98046875,47836.75390625,58294.82421875,51878.2890625,41611.859375,33491.640625,24420.748046875,19226.337890625,17323.353515625,14732.9482421875,11308.455078125,9739.2783203125,7093.896484375,6129.97607421875,3096.272705078125,2096.38720703125,1266.97998046875,569.016845703125,335.72845458984375,236.2706298828125,709941.2340698242,116747.1328125,365281.87646484375,15867.533386230469,104.72485249868144,36.304748399280044,31.96083362863918,4.343914770640866,16.44461924591038,2.235048849785483
Tharaka-Nithi,2024,3754.864990234375,14405.998046875,18282.828125,20266.5703125,20272.966796875,14681.16796875,12103.626953125,12163.4921875,12471.0244140625,10138.8720703125,9884.744140625,7223.63671875,6731.03369140625,5081.9697265625,3971.07568359375,2749.463134765625,1680.3289794921875,1167.704345703125,771.3665771484375,493.3367614746094,3768.1123046875,14450.421875,18489.859375,20350.20703125,20017.181640625,14863.87890625,11870.7275390625,11805.7470703125,12026.640625,10276.052734375,9327.5869140625,7277.291015625,6511.25830078125,4901.06689453125,3330.365234375,2078.526611328125,1374.607421875,678.9261474609375,337.22265625,200.63992309570312,352232.3918457031,36379.397216796875,219629.96630859375,18833.5634765625,97.5547686698425,25.139083532791574,16.563949732470277,8.575133800321296,10.328237282825773,5.346914114819009
TransNzoia,2024,14860.892578125,57015.484375,74798.6171875,77811.46875,72318.046875,50234.0546875,39975.55078125,35812.109375,29837.544921875,26947.28515625,21035.1171875,18174.353515625,14969.5185546875,10504.740234375,6762.08984375,3954.643798828125,2764.965576171875,1678.08447265625,807.1741943359375,430.0279541015625,15206.3515625,58315.0,75274.78125,78013.9609375,73296.4140625,49715.4609375,36443.9296875,33503.8515625,30313.3046875,26013.669921875,20312.439453125,16328.822265625,13333.8671875,9803.0849609375,6012.40283203125,3440.89306640625,2241.802734375,1029.2242431640625,458.4958801269531,245.96542358398438,1109995.4926757812,145397.728515625,628873.166015625,29825.77001953125,97.96892910290363,27.863090366110903,23.12035818555064,4.742732180560268,13.09894765114098,2.6870172191089305
Turkana,2024,15272.775390625,58595.7578125,75537.4296875,71303.390625,63215.40625,50044.328125,41384.3515625,31177.40625,26784.8515625,20228.66015625,14930.7607421875,11644.294921875,8007.828125,7358.85986328125,4878.546875,3467.66455078125,1896.08642578125,909.172607421875,461.5853576660156,311.13836669921875,15581.8017578125,59754.86328125,78856.96875,78862.796875,78480.953125,62897.61328125,45275.5078125,31595.9609375,24775.21875,20350.462890625,14543.6953125,11712.125,7151.03515625,6108.6923828125,3587.457275390625,2543.32861328125,1565.69775390625,581.453369140625,244.0716094970703,157.1109161376953,1052037.1101074219,149205.1982421875,577668.0122070312,20603.313720703125,107.33460080335846,29.39551929041775,25.8288835610156,3.5666357294021456,14.1825033364985,1.9584208126079652
UasinGishu,2024,16969.267578125,65104.671875,77082.984375,81349.0625,83296.25,78277.875,62503.8515625,52655.57421875,44142.33984375,34785.7109375,28446.951171875,20580.1328125,16156.9072265625,10512.1201171875,7069.6337890625,3962.712646484375,3095.41259765625,1963.903564453125,891.1046142578125,452.81427001953125,17201.6015625,65966.8203125,78651.1796875,80202.6875,80307.7578125,78299.4140625,62609.390625,52912.890625,46709.14453125,37254.98046875,29919.873046875,21499.796875,15948.6025390625,10239.6103515625,6374.96240234375,3578.168701171875,2531.6123046875,1177.501220703125,483.98748779296875,239.15164184570312,1381408.4144592285,165242.361328125,867059.173828125,31820.965240478516,100.40763905266303,22.727782891513108,19.057795167378114,3.669987724134997,11.96187598095755,2.303516100481788
Vihiga,2024,6878.5849609375,26390.53515625,37660.140625,42300.99609375,39518.3515625,23126.82421875,18013.6015625,17703.65625,16933.26171875,15230.765625,13064.0,13270.431640625,11978.841796875,10322.0771484375,7678.16015625,4650.53369140625,3568.05078125,2278.692626953125,1076.07421875,537.3763427734375,6819.83251953125,26153.53515625,37310.30859375,41603.265625,39295.5,23336.32421875,15401.5654296875,15212.890625,15284.57421875,13540.02734375,11637.982421875,10514.783203125,9362.7529296875,8301.30859375,6205.908203125,3965.79736328125,2657.929931640625,1231.3677978515625,550.40478515625,291.7005310058594,600858.7156677246,66242.48779296875,341049.5205078125,34691.99642944336,92.47129069830787,29.5952576247941,19.423128844848005,10.172128779946096,11.024636252360015,5.77373607552496
Wajir,2024,14356.513671875,55080.53125,71445.125,63081.03125,50771.3359375,36663.02734375,32402.701171875,25341.755859375,21611.01953125,16138.119140625,8178.3994140625,7072.056640625,3942.3935546875,3292.708251953125,1511.4853515625,1242.252197265625,513.170654296875,276.610595703125,268.1299743652344,333.7666320800781,14488.265625,55561.3828125,75076.03125,77040.5390625,67038.9453125,41588.40625,31702.75390625,26893.8671875,20808.76953125,20462.83203125,11575.58984375,11973.068359375,6074.8701171875,5922.048828125,2393.6162109375,1794.484130859375,1028.523193359375,409.173095703125,234.64678955078125,199.80958557128906,885789.7565460205,139486.693359375,449454.6682128906,10205.668411254883,114.20612947947009,33.30533029411677,31.03465226292969,2.270678031187079,15.747155837890759,1.1521547111867798
WestPokot,2024,14056.75390625,53929.61328125,61345.90234375,54186.671875,43854.33984375,35179.5390625,26543.03125,21028.890625,15577.4638671875,13200.9580078125,11653.689453125,8793.4287109375,6072.99658203125,5682.0341796875,4351.51025390625,2727.834228515625,1488.4725341796875,808.9605102539062,451.68353271484375,318.1213073730469,14252.7724609375,54657.3203125,61526.53125,54280.9921875,44608.44921875,33848.28125,25609.341796875,20987.4609375,15638.484375,13111.466796875,11585.7412109375,8422.25,5870.63623046875,4660.39892578125,3302.201904296875,2112.10888671875,1228.964111328125,472.9495849609375,194.3214874267578,110.89727783203125,757733.4655609131,136896.4599609375,371928.88232421875,17568.025619506836,98.74877339426956,41.53065086399882,36.8071603112559,4.723490552742928,18.066571714580366,2.3184967297837487
Baringo,2025,10610.80859375,40559.1171875,49912.70703125,49951.28125,45563.42578125,35357.9375,26965.01171875,21183.919921875,17909.2578125,14805.767578125,13433.279296875,11131.0537109375,8244.6337890625,6546.482421875,4840.62060546875,3152.05908203125,1884.441162109375,1154.99365234375,716.5284423828125,509.2127685546875,11131.3974609375,42543.84375,52272.1171875,52555.02734375,48834.03125,37330.37890625,26316.783203125,21130.47265625,18206.69921875,14995.1318359375,12795.21875,10015.775390625,7888.2646484375,6345.4453125,4394.9482421875,2749.845703125,1684.5107421875,712.4365234375,322.5388488769531,192.70449829101562,736850.1107788086,104845.1669921875,404998.970703125,22314.840270996094,102.1910864986753,31.397612453784546,25.88776134669285,5.509851107091693,14.228832357963839,3.028409705660569
Bomet,2025,12891.265625,49276.03125,63468.625,68503.125,66053.1796875,50277.19140625,40497.62109375,36668.84765625,23304.10546875,22489.69921875,20837.638671875,13373.015625,12384.1552734375,8822.990234375,6137.85107421875,3826.78271484375,2735.8779296875,1878.6602783203125,1059.315673828125,565.2667846679688,13337.76953125,50976.515625,65991.7890625,68395.421875,66903.125,48557.65625,36952.99609375,32860.6015625,28485.8671875,23466.173828125,20490.62109375,13026.5361328125,10954.525390625,8261.8232421875,5348.20068359375,3208.9189453125,2074.1953125,955.43115234375,446.8656005859375,251.95596313476562,1005998.2351989746,126481.58203125,584668.3701171875,28489.32211303711,99.18735847713495,26.505778671287732,21.633046782725526,4.872731888562208,12.572743927948684,2.8319455359086447
Bungoma,2025,29821.671875,113992.140625,153643.0,162378.03125,151074.46875,100131.9296875,78021.6328125,70582.1796875,56462.515625,52767.2421875,42242.26171875,37702.3828125,32665.14453125,23876.755859375,15693.830078125,8851.451171875,6406.99560546875,3762.663330078125,1721.313720703125,885.7904663085938,29776.5546875,113805.546875,154372.203125,160061.203125,151558.625,96802.2890625,67858.8984375,61016.76953125,54427.0703125,47138.6796875,39335.453125,31160.6328125,27786.8515625,20534.884765625,12317.35546875,6537.2099609375,4875.4775390625,2252.61328125,919.5369873046875,486.1289367675781,2225707.386077881,287395.9140625,1243146.66796875,64710.36654663086,94.7790072545642,28.323792331315005,23.118423711989912,5.205368619325096,12.912565050563371,2.907406739601238
Busia,2025,13342.4482421875,51002.3203125,67646.421875,73027.03125,70962.765625,47916.90625,37488.0703125,33077.60546875,26543.041015625,23734.91796875,18668.25,18882.55078125,16026.90234375,12159.5361328125,8261.07421875,5049.79638671875,3423.37890625,2017.696533203125,1017.26318359375,566.142822265625,13267.853515625,50710.46875,66070.4296875,71057.828125,69148.0,44879.96875,30586.6171875,27375.458984375,25395.40234375,21372.513671875,16322.40234375,14264.732421875,12343.787109375,9234.4541015625,5853.548828125,3506.24462890625,2553.204345703125,1167.5478515625,496.34619140625,264.8921203613281,1016685.8205871582,128323.0908203125,576383.8828125,34177.1360168457,91.53330384239332,28.193055302696617,22.263476590315506,5.9295787123811134,12.62170556742919,3.361622177154754
Elgeyo-Marakwet,2025,6365.0078125,24329.830078125,30022.8515625,30442.515625,29401.8984375,22417.06640625,17192.490234375,14322.98046875,11763.265625,10100.861328125,9268.123046875,6695.79052734375,5947.39697265625,4485.12890625,3274.5419921875,2187.58740234375,1495.123779296875,897.8739013671875,468.7363586425781,273.828857421875,6450.28515625,24652.78125,30914.12890625,30289.021484375,29747.98046875,24117.45703125,17361.1484375,14084.140625,12487.453125,10425.869140625,9238.921875,6189.103515625,5654.5986328125,4232.654296875,3082.16845703125,1726.846435546875,1239.40283203125,541.822265625,209.81439208984375,110.15907287597656,464108.65672302246,61797.904296875,265134.3291015625,15507.905746459961,100.60637151386953,29.15722392694088,23.308148932008972,5.8490749949319065,13.315395737976003,3.341438588100932
Embu,2025,7185.3818359375,27465.65625,32178.681640625,35444.40625,37963.8359375,30676.755859375,25245.783203125,25321.35546875,27447.876953125,22589.65234375,19689.93359375,17898.7734375,14778.3251953125,9688.373046875,7655.2685546875,4885.6396484375,3070.45361328125,2275.263671875,1558.068359375,933.3946533203125,7406.1298828125,28305.98828125,32610.8984375,35906.3828125,38986.359375,33654.3828125,27679.75390625,26396.9453125,28016.396484375,23550.087890625,19554.26171875,16475.46875,13887.42578125,8973.16796875,6734.17333984375,3394.2646484375,2369.35498046875,1264.0166015625,591.9744873046875,300.0386962890625,710010.3516845703,70363.15625,468474.9150390625,35031.91125488281,100.59459684414531,22.497483669129807,15.019620899900895,7.477862769228907,9.910159208673,4.934000070811096
Garissa,2025,16178.00390625,61838.765625,82948.265625,74007.7421875,66332.78125,50883.48046875,42940.875,30814.75,30457.94140625,23494.125,13042.029296875,12617.3388671875,5097.7529296875,6604.140625,2310.347900390625,2824.28173828125,1072.7197265625,658.7833251953125,1097.275390625,1188.866455078125,17951.255859375,68608.4296875,95302.625,94156.890625,82945.34375,60213.8046875,37504.2109375,29135.484375,25093.4375,26680.8984375,16341.58984375,18044.958984375,8216.7890625,9527.2294921875,3220.75537109375,3337.3388671875,1580.4051513671875,778.9672241210938,828.7312622070312,652.1314086914062,1126531.5442504883,164576.455078125,595988.9619140625,19550.60382080078,114.00257849490636,30.894374001086895,27.61401059334649,3.2803634077404014,14.609129759222334,1.7354688309068456
HomaBay,2025,17551.96484375,67091.2578125,85008.25,90700.921875,79824.375,59088.32421875,47086.2109375,43887.1015625,31468.3671875,27484.64453125,22057.748046875,18144.1328125,17611.52734375,14718.96875,10765.59375,6781.6123046875,4223.33642578125,2403.53369140625,1239.05029296875,704.8295288085938,17741.51953125,67807.515625,84463.28125,90278.234375,78741.609375,52870.03515625,37913.46484375,34327.1484375,32032.779296875,25630.3359375,17468.408203125,13502.8017578125,12291.57421875,10278.794921875,7261.97265625,4401.8603515625,2859.40966796875,1271.189208984375,579.3599243164062,346.98577880859375,1239910.0314331055,170192.2578125,676428.3525390625,42838.73358154297,91.39088051686537,31.493504167056752,25.160426403426328,6.333077763630422,13.726177988558524,3.4549872567793773
Isiolo,2025,6493.28466796875,24820.16015625,29311.03515625,26565.4921875,23550.03515625,19209.91015625,15458.03125,12975.140625,10608.0107421875,7467.7109375,5707.93212890625,4718.61376953125,4077.654541015625,3227.46826171875,1819.6478271484375,1350.7415771484375,683.396484375,429.7054443359375,352.6097412109375,287.6380310058594,6643.17431640625,25389.9921875,30955.076171875,29603.22265625,28177.1875,21463.53515625,16748.51953125,14456.4951171875,11826.03515625,9341.021484375,6464.583984375,5632.5263671875,4179.82080078125,3976.321533203125,1983.060546875,1343.805419921875,843.18115234375,373.5682373046875,204.5297088623047,138.2657928466797,418858.14166259766,63346.611328125,229266.55419921875,9810.149963378906,110.3607387254993,31.909042096011575,27.63011445318824,4.278927642823331,15.123643311952744,2.34211753039798
Kajiado,2025,21968.349609375,83968.3828125,91548.796875,81870.84375,76140.4453125,92300.796875,83881.703125,66013.5546875,54510.36328125,39038.3359375,29288.06640625,22397.06640625,14417.8369140625,9888.26171875,5743.94091796875,3534.22265625,2099.73974609375,1239.0029296875,734.1431884765625,479.3232421875,22526.861328125,86092.171875,92930.109375,78902.0625,70900.1484375,83231.640625,81552.09375,68968.234375,59481.58984375,43164.87890625,34009.17578125,25445.77734375,15955.384765625,9896.892578125,5553.755859375,3132.56689453125,1985.97607421875,827.3866577148438,348.541259765625,189.48568725585938,1566157.910308838,214555.765625,980482.2470703125,25868.08511352539,100.51616279546809,24.52097949319465,21.88267725051566,2.638302242678988,13.699497618518604,1.6516907358610056
Kakamega,2025,21695.09375,82928.09375,115517.109375,124920.703125,117199.5390625,75596.6796875,60298.16015625,57808.875,46465.5078125,43013.10546875,34488.6875,33119.4140625,27887.419921875,22319.48046875,15272.0859375,8696.9736328125,6544.75244140625,3605.024658203125,1481.0267333984375,699.6434326171875,21581.427734375,82483.515625,115071.7578125,121787.921875,115042.3671875,72310.359375,49258.515625,46713.14453125,43935.71875,38370.2890625,30740.93359375,26292.01171875,22878.17578125,18055.451171875,11854.162109375,6835.9033203125,4788.32080078125,2097.603759765625,850.093994140625,432.4032287597656,1730937.4530334473,208688.130859375,981793.8359375,63157.994049072266,92.421017186851,27.688717830344245,21.255799661860973,6.432918168483271,12.056364630255793,3.6487739021643235
Kericho,2025,12533.4423828125,47908.2734375,60668.203125,64997.23046875,63279.2109375,50972.66796875,42738.22265625,38334.8125,26258.765625,23706.689453125,21030.81640625,14457.8828125,13335.9296875,9631.4267578125,6342.73828125,3682.884765625,2386.78759765625,1608.346923828125,979.6444091796875,613.0489501953125,12867.8544921875,49180.51953125,62012.4375,64731.8515625,63518.15625,50500.11328125,40904.9609375,36619.91796875,31490.248046875,26179.6796875,21947.125,14380.837890625,12385.310546875,8943.189453125,6168.2333984375,3654.783935546875,2135.26220703125,918.1203002929688,425.23828125,252.2447509765625,1014683.110168457,122490.08984375,610615.9638671875,29167.33380126953,100.74170216630883,24.836793110441164,20.060086386865624,4.776706723575539,12.071758031274836,2.874526392424842
Kiambu,2025,36152.2734375,138189.734375,140968.828125,130996.6953125,148859.4375,192694.84375,169877.625,140828.921875,134258.6875,97994.8203125,76225.65625,60743.12890625,40941.75390625,24822.12109375,17394.79296875,10883.734375,7991.17138671875,5070.56689453125,2547.360107421875,1331.805419921875,36915.90234375,141091.390625,141451.671875,128197.875,132704.765625,175437.96875,165991.765625,142243.0625,129684.1875,101093.0234375,80338.203125,62805.13671875,43242.9140625,24776.291015625,15566.2099609375,8992.4443359375,5508.1630859375,2252.683349609375,924.191650390625,487.77410888671875,3118479.583190918,352349.30078125,2145564.314453125,78950.89764404297,97.52540041650515,20.101946864045672,16.42222041109306,3.6797264529526106,11.298752849961456,2.531711224585224
Kilifi,2025,24555.75390625,93862.78125,112839.484375,112677.140625,108740.453125,87819.71875,72820.296875,60901.625,45196.8125,45102.2265625,30813.43359375,26692.185546875,21124.876953125,22490.2890625,13202.142578125,7829.16748046875,4980.30615234375,2720.80615234375,1363.830810546875,721.6296997070312,24959.4453125,95394.1953125,114416.3359375,111942.5390625,108578.6875,84455.984375,64345.8515625,49438.11328125,42467.78125,38303.37109375,31551.7890625,25200.060546875,19142.01953125,14497.337890625,10607.154296875,5416.10400390625,4014.006591796875,1605.464599609375,524.6423950195312,236.70553588867188,1743552.5501403809,238772.17578125,999682.9140625,53221.96029663086,94.49416044262706,29.208675267968566,23.884791109505947,5.323884158462613,13.69457867857355,3.052501072729109
Kirinyaga,2025,9134.1494140625,34914.69921875,40496.36328125,43178.2734375,47103.1640625,37284.875,32794.51953125,37153.484375,44588.16015625,37111.01171875,31630.701171875,28878.259765625,22600.5703125,13881.6513671875,10897.8515625,7325.0498046875,4412.50048828125,3230.900634765625,2287.237060546875,1371.2861328125,9182.31640625,35094.515625,40702.80859375,43078.6015625,47834.84765625,39582.32421875,33102.4375,36956.546875,43291.89453125,37051.3359375,31390.345703125,28139.25390625,22104.470703125,13496.5712890625,9335.345703125,5221.58984375,3329.012451171875,1567.3934326171875,728.2620849609375,407.6228332519531,971872.2053527832,88325.6806640625,665976.42578125,50114.0520324707,98.23013272170995,20.787482459928068,13.262583665848016,7.524898794080051,9.088199063373859,5.156444618588473
Kisii,2025,15898.4482421875,60770.7890625,85157.921875,95777.234375,86594.421875,62910.03515625,56147.59765625,54861.671875,38495.4453125,32448.16015625,32077.91015625,19686.666015625,24552.25390625,18976.39453125,12163.953125,6829.166015625,4027.00390625,2568.808349609375,1545.7054443359375,954.9276733398438,16019.578125,61226.30859375,85434.921875,95515.3046875,84298.265625,54854.0078125,44286.0703125,41804.875,37158.5625,31667.3984375,25301.935546875,19320.984375,21473.875,15750.6416015625,9521.3466796875,5251.7900390625,3407.1142578125,1547.607421875,701.016357421875,409.1221923828125,1367395.2411499023,153915.1240234375,802667.1728515625,48927.561462402344,91.93006794466116,25.2710827534181,19.175460169454453,6.095622583963644,11.256081591596264,3.5781579451203167
Kisumu,2025,17084.9765625,65306.21875,80106.984375,88594.03125,86149.8671875,73872.828125,61363.15234375,52340.20703125,39955.56640625,30981.0859375,22085.224609375,20880.09765625,18509.400390625,15155.15625,10598.443359375,6199.9423828125,4019.43701171875,2265.21826171875,1086.8421630859375,577.5777587890625,17036.955078125,65114.6953125,80086.421875,86704.890625,81029.9609375,66096.9375,54139.875,48777.25,44574.82421875,34502.828125,23377.189453125,18058.89453125,14766.2177734375,11588.640625,7980.66796875,4654.86572265625,2886.0263671875,1200.423095703125,507.3835754394531,279.7626953125,1360496.9682922363,164542.845703125,818205.2041015625,42256.59036254883,95.15622079535936,25.27476420695121,20.11021744646598,5.164546760485232,12.09431917438724,3.1059672566261876
Kitui,2025,14117.0,53961.3203125,72318.1484375,86119.3984375,85868.0390625,51400.0390625,39700.75390625,39444.0,39093.7734375,33820.3671875,31909.59765625,24622.6484375,19479.98828125,15782.2724609375,13086.958984375,9538.2958984375,5568.13330078125,3655.00439453125,2549.471923828125,1815.2291259765625,14417.05078125,55101.48828125,73997.7578125,87301.0078125,88010.9765625,52363.38671875,35622.5546875,32872.234375,32216.546875,28638.53125,26059.9375,20615.546875,16764.94140625,13171.6474609375,10042.787109375,5950.2451171875,4530.55517578125,2384.18505859375,1144.118896484375,683.6641845703125,1245739.6042480469,137596.859375,727457.783203125,60948.649169921875,93.48276032130391,27.293062653160565,18.914755268565102,8.378307384595463,11.045394952989088,4.892567352124258
Kwale,2025,16276.37109375,62215.14453125,73304.3359375,69407.578125,62291.92578125,48746.2421875,42058.62109375,35101.74609375,29186.287109375,26545.080078125,19055.611328125,13142.4921875,11251.1328125,12113.8310546875,7809.03369140625,4752.26513671875,2439.42333984375,1360.6123046875,827.9599609375,515.8992309570312,16569.109375,63326.33984375,75233.984375,69950.140625,62810.9296875,44224.59375,35913.390625,29878.37890625,26751.232421875,24266.517578125,19772.31640625,15461.0087890625,11706.458984375,9548.7099609375,6877.35888671875,3595.38623046875,2500.3466796875,1048.1512451171875,379.29345703125,173.53384399414062,1058388.7747497559,158386.96484375,579826.5068359375,32279.26400756836,96.57979997752682,32.883323994925185,27.316268396913035,5.56705559801215,14.964913519722355,3.0498494294027663
Laikipia,2025,7897.3330078125,30187.044921875,34796.984375,34625.9453125,34037.375,26813.82421875,22231.3359375,21103.51953125,20220.921875,16938.41015625,14460.302734375,13067.0107421875,10069.416015625,6887.04296875,5095.03076171875,3331.7099609375,2327.976806640625,1284.8245849609375,584.4589233398438,321.0675354003906,8142.62060546875,31120.83203125,35634.97265625,35924.125,35844.99609375,27280.685546875,22027.8203125,20679.150390625,20620.3828125,17471.447265625,14518.3388671875,12637.15625,9740.37890625,6253.52734375,4343.31640625,2870.95703125,2003.135009765625,833.5169677734375,325.3359375,163.5576934814453,614717.7884979248,77347.83056640625,372903.04296875,23484.887619018555,100.70350886663037,27.039929034281112,20.74207546031963,6.297853573961485,12.582656954731572,3.820434036308652
Lamu,2025,2364.9921875,9040.0302734375,10719.5390625,10335.880859375,9652.2666015625,7730.8525390625,6377.4130859375,5717.2890625,5167.56884765625,4425.072265625,3657.331298828125,2872.87109375,2465.934814453125,1891.02392578125,1267.140625,750.855712890625,392.4959716796875,205.94476318359375,115.9763412475586,89.5113525390625,2498.958740234375,9550.9365234375,11068.62109375,10778.1865234375,10377.72265625,9812.9384765625,8458.927734375,6975.51220703125,6062.34033203125,5301.5810546875,4453.6474609375,3474.8369140625,2713.965087890625,1966.0439453125,1306.934814453125,763.0872802734375,480.08221435546875,182.77505493164062,68.44517517089844,35.29914855957031,181570.83312225342,23454.917724609375,109555.13940429688,5658.548454284668,113.01132445483762,26.574258713190208,21.40923543354046,5.165023279649748,12.91777832446082,3.116441312176341
Machakos,2025,18497.435546875,70705.265625,82528.140625,88752.5703125,91292.6328125,86373.828125,76130.7890625,68250.515625,67622.4609375,53813.7109375,41540.0390625,33734.2109375,27523.939453125,22047.15625,16138.33984375,9071.279296875,6302.51806640625,4526.49462890625,2671.248291015625,1485.05126953125,18947.99609375,72418.625,85041.453125,89481.734375,91795.296875,89744.03125,78393.5,71138.6328125,69380.765625,56313.96484375,45480.2890625,34347.2734375,27390.974609375,21309.6796875,13129.962890625,6854.033203125,4264.4755859375,2198.168212890625,1187.571044921875,705.5309448242188,1748531.5853881836,180569.322265625,1153623.69140625,68534.6732788086,101.21015416286289,21.59317612841147,15.652359050074093,5.940817078337378,10.32691223736388,3.919555920609436
Makueni,2025,10742.4306640625,41062.25,55334.8984375,67452.421875,68669.4375,43202.60546875,36169.93359375,35536.8515625,36234.6796875,30850.76953125,30034.908203125,22307.779296875,18919.576171875,16561.9921875,13325.263671875,7816.1904296875,5227.07763671875,3763.451171875,2296.820556640625,1264.5357666015625,11049.09375,42229.28125,57195.25,68328.296875,72493.046875,50069.37890625,37444.0859375,34549.0859375,34702.59765625,29826.8671875,26925.6875,21017.05078125,16914.42578125,14220.9580078125,10172.43359375,5688.10693359375,3736.349365234375,1940.018310546875,1026.5538330078125,630.8099365234375,1086933.2518310547,105083.0556640625,676651.7177734375,56887.61120605469,98.79026864362996,23.937080571241474,15.529858700402698,8.407221870838773,9.66784809343526,5.233772277204829
Mandera,2025,20929.8671875,79989.484375,93962.25,76343.0078125,62331.6953125,44185.0078125,33562.74609375,25037.10546875,20807.39453125,16315.173828125,8742.337890625,7566.6796875,4276.59130859375,3969.916015625,1776.9637451171875,1568.730712890625,596.7266235351562,322.5163269042969,357.77423095703125,427.702392578125,18133.634765625,69290.828125,85371.9296875,83668.09375,72390.125,46622.6640625,32458.359375,25648.87890625,18442.66796875,18591.96875,10696.091796875,10109.076171875,5588.8310546875,5622.310546875,2463.8125,1824.6575927734375,1091.0194091796875,505.51666259765625,328.6302185058594,257.67877197265625,1012176.446472168,188343.814453125,472965.62158203125,11521.729187011719,101.20005321399925,42.257943182340156,39.82188257639749,2.436060605942664,18.607804509735143,1.1383123196720755
Marsabit,2025,8950.484375,34212.65625,43972.734375,39717.2890625,34444.484375,26798.74609375,20948.333984375,15955.6025390625,12119.904296875,9847.6015625,7760.9677734375,7239.57568359375,4898.8603515625,4241.880859375,2457.455078125,2097.9248046875,891.3896484375,499.6101989746094,475.4221496582031,486.2321472167969,9318.919921875,35616.6171875,45601.34375,44560.30859375,43804.88671875,32930.1640625,25354.69140625,19096.40625,14135.8291015625,12490.1806640625,8628.7294921875,8136.3896484375,5283.56396484375,4736.30029296875,2533.822265625,2193.707763671875,1148.109619140625,518.4031372070312,387.2016906738281,324.537109375,594817.2682495117,88098.677734375,318853.09912109375,14013.815612792969,113.94984311175949,32.02493362261089,27.629864027420652,4.395069595190233,14.811049113224417,2.35598668041939
Meru,2025,19185.41796875,73335.03125,88259.7421875,97461.359375,97915.9140625,75490.4609375,62216.52734375,62219.1015625,65037.0,50355.390625,43583.8203125,31619.111328125,28704.3515625,21663.111328125,16235.431640625,11076.216796875,6213.716796875,4208.591796875,2880.27587890625,1689.6328125,19413.478515625,74197.6875,89422.0234375,97057.484375,93755.03125,78811.6796875,64541.27734375,62163.1640625,65757.375,53973.9453125,42858.1484375,32344.328125,27232.9765625,19629.662109375,13868.5546875,8270.302734375,5357.29541015625,2499.614501953125,1155.76904296875,632.3471069335938,1712292.350769043,186131.615234375,1079872.376953125,74087.74920654297,99.25431327970115,24.097233154081646,17.236445639951263,6.860787514130381,10.870317510370095,4.326816572722987
Migori,2025,20101.1015625,76830.765625,95650.515625,98877.6640625,86931.9140625,68077.484375,52788.4140625,44802.1796875,32125.869140625,27308.65625,22742.01171875,17835.619140625,15613.38671875,12330.8203125,8660.025390625,5107.6162109375,3417.73779296875,1979.116943359375,984.0518188476562,573.7247314453125,19951.93359375,76250.671875,94992.828125,97036.109375,83438.84375,59574.1640625,44802.09765625,38421.21875,33272.8359375,26485.390625,19744.14453125,14566.142578125,11818.51953125,9186.81640625,6000.27392578125,3486.6552734375,2391.898193359375,1084.354248046875,479.5032653808594,278.6374206542969,1336001.7143554688,193134.47265625,721866.529296875,34443.59521484375,92.8579653659681,31.52633605173013,26.75487293258633,4.771463119143798,14.456154552872293,2.5781101060533054
Mombasa,2025,17916.021484375,68482.8359375,71758.1875,63174.5859375,67773.1875,91980.765625,87053.5,68067.078125,58009.12109375,41888.3125,28916.16015625,19707.2890625,13473.99609375,9127.7548828125,5488.84326171875,2875.97265625,1553.271728515625,800.26708984375,402.657958984375,258.4810485839844,18379.45703125,70245.6796875,70882.9296875,61211.84375,58868.3828125,83645.390625,86765.984375,72387.75,63537.12890625,52002.9375,39887.80078125,27821.984375,18253.91796875,10575.99609375,5671.0947265625,2571.548828125,1499.9765625,499.95660400390625,157.8794403076172,75.13616943359375,1463651.0655670166,175023.994140625,999744.4384765625,21855.0860748291,103.65022731203007,19.692940779491984,17.506873497324104,2.186067282167878,11.958040974255086,1.4931896398655966
Murang'a,2025,12054.458984375,46077.390625,55854.6640625,56671.15234375,57281.5703125,40787.3203125,35277.0234375,36509.7890625,42936.30859375,37037.75,34255.44140625,31095.9609375,26270.44140625,18071.265625,15188.396484375,10498.126953125,8185.873046875,5433.63671875,2660.529296875,1178.427978515625,12319.556640625,47084.9453125,56814.890625,58198.19921875,61473.9453125,45235.5078125,35472.9296875,37453.578125,41631.0859375,37389.99609375,33353.671875,28270.5,23899.890625,16333.75,12849.6953125,8528.046875,5698.0859375,2497.369384765625,1040.672607421875,501.11309814453125,1139372.9580688477,117536.3515625,720037.7265625,74259.97369384766,98.73054717490879,26.6369827831097,16.323637946531644,10.313344836578061,10.315880391063112,6.517617709631514
Nairobi,2025,68831.4921875,263103.90625,257493.71875,226289.125,263468.25,404869.9375,384199.03125,293882.46875,243728.84375,161447.34375,107294.5,74696.9375,45223.37890625,25488.90625,14487.7890625,7420.384765625,4212.47265625,2256.85546875,1113.4102783203125,653.2047119140625,70164.84375,268167.75,255129.0625,214047.46875,211758.546875,345858.46875,372988.90625,314078.625,262806.9375,193031.84375,139933.1875,98949.1484375,62587.9921875,32191.46875,16335.103515625,7446.6005859375,3950.37548828125,1356.4146728515625,465.0633850097656,223.8042755126953,5721633.568710327,670267.9921875,4038484.72265625,59921.47886657715,100.74766471025842,18.08077834138262,16.59701690654513,1.4837614348374888,11.714626323729787,1.0472792105084707
Nakuru,2025,33764.30859375,129061.8984375,148259.109375,151339.953125,150819.71875,134665.5625,114317.796875,101509.4375,90752.2265625,70176.5078125,58514.09375,46350.2578125,34264.55078125,22138.734375,15408.4853515625,9468.4169921875,6806.7197265625,4045.244873046875,1897.5150146484375,968.8405151367188,34654.69921875,132449.140625,151863.90625,151982.0,151112.484375,138494.15625,109295.25,97437.296875,90342.828125,74276.484375,60607.4921875,46166.73046875,34026.33984375,21270.177734375,14439.63671875,8263.6875,5401.06640625,2312.556396484375,932.9555053710938,466.46441650390625,2650324.731994629,329930.046875,1646538.126953125,70411.5894165039,100.09557919731161,24.31414309441625,20.037801826400873,4.276341268015377,12.448664984033686,2.6567155551354755
Nandi,2025,12267.1845703125,46890.5234375,60104.8671875,64600.58203125,64663.01953125,47964.6875,39187.4921875,36563.08203125,28279.24609375,25025.6328125,21850.1875,16916.875,14015.8525390625,9799.400390625,7139.8525390625,4068.437744140625,3060.08935546875,1926.7322998046875,913.83251953125,469.38153076171875,12473.48828125,47673.265625,61093.421875,65214.6953125,65265.01171875,49142.29296875,36773.70703125,34240.43359375,30947.86328125,26310.1171875,21888.919921875,16049.23828125,13079.9130859375,9466.5390625,6198.6220703125,3495.69970703125,2832.59033203125,1320.1951904296875,499.82757568359375,232.5642852783203,1009905.3651885986,119304.4619140625,607429.51171875,32157.825149536133,99.7016943532839,24.93495691953278,19.640873486124338,5.294083433408442,11.813429854566872,3.18424144063545
Narok,2025,24418.873046875,93339.328125,115691.71875,103601.640625,82829.9609375,69822.3359375,56697.48046875,46162.171875,34688.61328125,29655.962890625,24598.9765625,18206.25,14014.4873046875,10326.95703125,6054.0576171875,4095.6318359375,2431.859375,1450.0404052734375,886.5606689453125,561.82275390625,24825.73046875,94882.875,118280.40625,105577.5234375,86869.921875,66861.7265625,52072.59765625,44810.26953125,37623.4921875,30570.001953125,25415.203125,18438.1875,13037.791015625,9411.8369140625,5967.873046875,3516.318603515625,2465.676513671875,1090.8211669921875,456.134765625,243.5029296875,1481952.6199951172,237466.806640625,772114.224609375,29220.299682617188,100.38986147583925,34.53985146539212,30.75539849829386,3.7844529670982565,16.023913547344545,1.9717431777753776
Nyamira,2025,6939.0263671875,26523.982421875,37631.28125,43997.28125,38842.68359375,26120.33203125,25180.73046875,26087.87890625,18798.74609375,16944.0546875,15299.8681640625,10075.703125,11767.072265625,9011.6669921875,5761.71875,3523.99609375,2034.179443359375,1253.361328125,755.8303833007812,461.8094482421875,6974.287109375,26655.5,38133.79296875,44386.6640625,38305.6484375,23091.265625,19086.53125,18965.1875,17848.40234375,15822.84375,12912.212890625,10101.931640625,11168.724609375,8291.2412109375,4816.32080078125,2843.23828125,1842.955810546875,815.097900390625,369.41107177734375,217.393310546875,629659.8536376953,67092.7958984375,373722.7255859375,24695.312622070312,92.54993337782713,24.560483544745303,17.952559827141023,6.607923717604278,10.655403153119323,3.9220084430346946
Nyandarua,2025,7552.484375,28868.8828125,36019.6875,39032.6328125,40650.32421875,26435.22265625,21442.58203125,22330.18359375,25190.4140625,21476.859375,20029.29296875,18128.712890625,13507.2822265625,8146.9189453125,5979.224609375,4261.35595703125,3646.5712890625,1978.161865234375,767.565185546875,362.1748046875,7759.20703125,29655.435546875,37050.18359375,40794.3046875,43084.6484375,28594.01171875,20866.87109375,20745.755859375,22463.560546875,19662.296875,17871.421875,16071.646484375,12542.3818359375,7595.869140625,5083.11328125,3202.602294921875,2373.43017578125,1087.1961669921875,457.2746887207031,247.18466186523438,683014.9301757812,73836.009765625,426836.2568359375,29445.85498046875,97.5135986935614,24.197069272349108,17.298439057862243,6.898630214486867,10.810306847409985,4.31115831873405
Nyeri,2025,7803.73486328125,29829.271484375,35993.38671875,36200.0078125,39551.5,31717.0,26613.8828125,27944.775390625,33004.37890625,28252.37109375,25820.1796875,25615.0078125,19222.55859375,12431.6962890625,9459.859375,7116.154296875,5536.96435546875,3386.140625,1649.2784423828125,836.7555541992188,8058.7431640625,30800.25390625,36543.21484375,37237.140625,41236.3984375,34538.60546875,26522.638671875,27506.85546875,30757.384765625,27362.201171875,24907.45703125,23110.2421875,18337.4765625,11234.412109375,8141.853515625,5685.24169921875,3827.600830078125,1665.2410888671875,724.2254028320312,389.6195068359375,806571.7105712891,76492.00341796875,535687.0224609375,48418.93469238281,97.696459461738,23.317895127739465,14.279233994985677,9.038661132753788,9.4835961161829,6.003053920411865
Samburu,2025,6468.7978515625,24726.5546875,30146.453125,26594.0859375,21841.61328125,18992.333984375,14333.505859375,10915.806640625,8024.0966796875,6523.51025390625,5998.4970703125,4345.662109375,2978.587158203125,3179.49462890625,1880.1239013671875,1430.88623046875,780.7388305664062,432.66998291015625,290.4029846191406,209.6002197265625,6571.16650390625,25114.791015625,30896.966796875,28323.759765625,25901.8046875,19654.189453125,14294.572265625,10378.658203125,7586.66357421875,7246.2080078125,5642.8994140625,3947.9501953125,2955.5263671875,2800.108154296875,1435.761962890625,1154.9962158203125,796.515869140625,333.0310363769531,160.6699981689453,102.20094299316406,385391.8618469238,62881.31005859375,197541.68798828125,9007.598175048828,102.73813737142785,36.39176569044365,31.83191897313546,4.559846717308189,16.316200803318978,2.337256975765257
Siaya,2025,14490.6162109375,55389.4453125,73960.21875,79817.90625,72016.078125,51235.4140625,42266.51171875,39032.9296875,32070.169921875,26959.84765625,21640.693359375,22025.19140625,19836.37109375,17508.9765625,13571.203125,8539.91796875,5817.060546875,3426.162353515625,1656.409912109375,813.7821655273438,14592.44140625,55771.8359375,73684.609375,79869.3515625,71612.4609375,46731.8046875,34725.37109375,33342.4765625,31467.04296875,25293.51953125,18274.3984375,15596.7587890625,13363.958984375,11259.1865234375,8536.9345703125,5318.27685546875,3608.431640625,1643.408447265625,727.0051879882812,392.4606628417969,1147886.6403503418,140244.3388671875,646259.162109375,54051.0534362793,90.65512090784111,30.06462479685257,21.700944000458456,8.363680796394114,12.217612256937157,4.708744882663901
TaitaTaveta,2025,4578.9345703125,17502.3203125,19842.02734375,20762.41796875,20736.658203125,16973.876953125,14661.2890625,12969.77734375,13390.646484375,11017.525390625,9906.40625,8268.5703125,7164.208984375,5508.94921875,3942.349609375,2403.55810546875,1546.210205078125,983.821533203125,572.29541015625,364.06146240234375,4626.2900390625,17681.10546875,20020.91015625,21002.173828125,21351.30078125,18638.46875,15885.9873046875,14693.3125,14990.990234375,12643.720703125,10875.587890625,9111.787109375,6988.34326171875,5262.822265625,3611.25927734375,1901.516845703125,1326.36962890625,575.8995361328125,222.92044067382812,112.37873840332031,394619.04948425293,44388.650390625,251040.22900390625,17562.64079284668,104.36427693691942,24.677834078341164,17.681887308162988,6.995946770178177,11.248481402162088,4.4505304079466415
TanaRiver,2025,11877.13671875,45399.5859375,54153.4453125,47831.9296875,39778.1171875,33514.66796875,27413.6640625,20320.095703125,18066.888671875,13912.5126953125,11143.7099609375,9207.3125,6512.03515625,6114.46240234375,3485.48583984375,2405.698486328125,1128.0985107421875,612.012451171875,503.15631103515625,445.7920227050781,12693.953125,48515.875,58553.4375,51779.6640625,42812.6171875,34715.1171875,25256.068359375,19467.26171875,17803.767578125,15300.111328125,11753.205078125,10079.197265625,7377.951171875,6442.58056640625,3278.8037109375,2135.48388671875,1362.154052734375,592.8050537109375,325.6396484375,219.92379760742188,724291.4248657227,118486.55078125,376991.34375,16495.053771972656,104.70282532692498,35.80496125203741,31.42951495985112,4.375446292186293,16.35896087037291,2.2774056416629116
Tharaka-Nithi,2025,3805.3154296875,14545.5732421875,18287.08203125,20124.83984375,20695.943359375,15059.216796875,12457.607421875,12382.484375,12889.4873046875,10515.57421875,10221.1318359375,7433.685546875,6956.6650390625,5297.2060546875,4177.421875,2857.58203125,1737.309326171875,1168.178955078125,760.8778076171875,473.234619140625,3817.8369140625,14591.650390625,18492.40234375,20224.267578125,20505.64453125,15336.7119140625,12220.4404296875,11898.455078125,12302.4677734375,10621.375,9649.390625,7495.431640625,6739.49609375,5126.4755859375,3509.86279296875,2107.455078125,1471.0809326171875,703.9845581054688,325.5181884765625,185.87701416015625,359172.24157714844,36760.3759765625,225804.890625,19478.383178710938,97.51406009361911,24.905908370545703,16.279707616081442,8.626200754464255,10.234748602827802,5.423131557488993
TransNzoia,2025,15099.228515625,57715.94140625,75001.828125,77459.5,74011.046875,51661.1484375,41253.69140625,36555.984375,30921.8203125,28027.546875,21812.4765625,18758.5625,15517.1044921875,10981.9765625,7134.1826171875,4121.802734375,2866.94970703125,1683.6595458984375,798.5098876953125,413.6679382324219,15446.7255859375,59036.9609375,75473.28125,77725.203125,75274.28125,51436.4453125,37621.53125,33861.796875,31097.0390625,26965.234375,21073.44921875,16868.126953125,13842.787109375,10284.3583984375,6355.46435546875,3498.695556640625,2405.89208984375,1070.31982421875,443.8956298828125,228.52456665039062,1131806.6416015625,147298.8564453125,647826.408203125,31021.564453125,97.93866987759665,27.525957361485858,22.73739609564159,4.788561265844265,13.014489492381607,2.740889062925797
Turkana,2025,15530.8173828125,59365.55078125,75806.75,71041.546875,64750.6328125,51509.890625,42744.6328125,31852.70703125,27782.3515625,21057.923828125,15496.3525390625,12029.375,8308.2724609375,7700.271484375,5151.701171875,3617.59912109375,1967.823486328125,913.0387573242188,457.0567932128906,299.58392333984375,15841.4130859375,60545.31640625,79131.3046875,78636.9453125,80667.3203125,65129.79296875,46777.609375,31960.33203125,25437.38671875,21112.986328125,15101.65234375,12109.5634765625,7430.58154296875,6414.32666015625,3795.626220703125,2588.44287109375,1681.8505859375,605.2286987304688,236.51904296875,146.10609436035156,1072734.1832122803,151283.09765625,595373.9619140625,21460.576766967773,107.33815410506413,29.01431461125133,25.40976047556586,3.60455413568547,14.102570797477142,2.0005493534945
UasinGishu,2025,17215.55859375,65805.359375,77177.53125,80862.609375,85121.3828125,80378.046875,64402.97265625,53667.9609375,45677.484375,36126.8046875,29455.677734375,21211.26171875,16724.3515625,10974.595703125,7448.4677734375,4124.56640625,3205.16357421875,1967.7362060546875,880.3324584960938,434.9698486328125,17447.30078125,66683.015625,78741.421875,79789.03125,82355.6796875,80886.7890625,64531.625,53394.9609375,47843.30078125,38559.609375,30994.322265625,22176.91796875,16533.28125,10727.0244140625,6729.3271484375,3633.246826171875,2713.218994140625,1222.859619140625,467.926025390625,221.87393188476562,1408515.5667419434,167151.234375,891744.0498046875,33049.68881225586,100.39693362070243,22.450491621570613,18.744306105727308,3.7061855158433077,11.867191128149177,2.3464198474358042
Vihiga,2025,6979.76123046875,26679.6875,37712.83984375,42054.8359375,40391.38671875,23753.234375,18565.70703125,18048.142578125,17525.96484375,15821.0927734375,13529.501953125,13679.609375,12401.287109375,10777.3681640625,8090.4228515625,4840.916015625,3694.92529296875,2283.345703125,1063.1396484375,516.2314453125,6918.57861328125,26442.5859375,37359.39453125,41395.08984375,40303.77734375,24112.90234375,15878.51953125,15355.3984375,15659.36328125,14017.2392578125,12058.369140625,10848.1279296875,9707.7900390625,8697.8173828125,6551.65234375,4027.250244140625,2848.8310546875,1278.8914794921875,532.1787109375,270.64886474609375,612673.8067016602,67020.61328125,351132.599609375,35998.433654785156,92.41699709557295,29.339072205383637,19.08698120191874,10.252091003464898,10.939036816680089,5.875627986870099
Wajir,2025,14623.138671875,55896.0,71816.828125,62951.2890625,52085.828125,37794.3984375,33517.75,25930.0,22449.57421875,16825.529296875,8500.626953125,7317.0126953125,4096.525390625,3450.715087890625,1598.620849609375,1297.9454345703125,533.3904418945312,278.20379638671875,265.8875427246094,321.8448791503906,14752.701171875,56384.33203125,75453.6484375,76939.4375,69013.484375,43130.63671875,32803.74609375,27244.837890625,21396.9375,21261.5390625,12037.29296875,12397.4228515625,6321.83251953125,6227.76513671875,2536.35986328125,1829.119873046875,1106.5283203125,426.56439208984375,227.73388671875,186.10586547851562,903229.1354675293,141656.171875,463803.4553222656,10608.305145263672,114.26325685427092,32.829526229912496,30.542284721999906,2.2872415079125874,15.683304082266561,1.1744865979962664
WestPokot,2025,14307.716796875,54690.95703125,61624.66015625,54038.2734375,44957.38671875,36241.6796875,27439.89453125,21504.779296875,16172.5498046875,13754.03515625,12105.2353515625,9091.9951171875,6305.875,5950.6357421875,4599.21630859375,2848.140869140625,1546.08984375,813.0078735351562,447.56866455078125,306.54229736328125,14503.9248046875,55433.94140625,61800.65625,54176.83984375,45889.69921875,35078.58984375,26481.693359375,21250.109375,16071.16015625,13614.3681640625,12040.064453125,8715.38671875,6104.97998046875,4897.49853515625,3496.65478515625,2151.372314453125,1321.2061767578125,492.6536865234375,188.45225524902344,103.21742248535156,772558.7084350586,138936.5400390625,383667.6162109375,18314.122497558594,98.73085050570374,40.98617029229955,36.2127357558049,4.773434536494639,17.98394588296088,2.370580034578444
